期货代码,期货名称,secid,归属交易所
RM301,菜粕301,115.RM301,郑商所
snm,沪锡主力,113.snm,上期所
sn2302,沪锡2302,113.sn2302,上期所
sns,沪锡次主力,113.sns,上期所
sn2303,沪锡2303,113.sn2303,上期所
sn2304,沪锡2304,113.sn2304,上期所
sn2305,沪锡2305,113.sn2305,上期所
APM,苹果主力,115.APM,郑商所
AP305,苹果305,115.AP305,郑商所
sn2301,沪锡2301,113.sn2301,上期所
sn2306,沪锡2306,113.sn2306,上期所
sn2308,沪锡2308,113.sn2308,上期所
sn2307,沪锡2307,113.sn2307,上期所
AP304,苹果304,115.AP304,郑商所
sn2309,沪锡2309,113.sn2309,上期所
AP303,苹果303,115.AP303,郑商所
sn2310,沪锡2310,113.sn2310,上期所
sn2311,沪锡2311,113.sn2311,上期所
sn2312,沪锡2312,113.sn2312,上期所
AP311,苹果311,115.AP311,郑商所
zn2308,沪锌2308,113.zn2308,上期所
071106,IH2306,8.071106,中金所
070123,IH隔季连续,8.070123,中金所
071103,IH2303,8.071103,中金所
070131,IH次主力合约,8.070131,中金所
070122,IH下季连续,8.070122,中金所
071102,IH2302,8.071102,中金所
070121,IH下月连续,8.070121,中金所
APS,苹果次主力,115.APS,郑商所
AP310,苹果310,115.AP310,郑商所
071101,IH2301,8.071101,中金所
070130,IH主力合约,8.070130,中金所
070120,IH当月连续,8.070120,中金所
AP312,苹果312,115.AP312,郑商所
041102,IF2302,8.041102,中金所
040121,IF下月连续,8.040121,中金所
TA301,PTA301,115.TA301,郑商所
041103,IF2303,8.041103,中金所
040131,IF次主力合约,8.040131,中金所
040122,IF下季连续,8.040122,中金所
041106,IF2306,8.041106,中金所
040123,IF隔季连续,8.040123,中金所
041101,IF2301,8.041101,中金所
040130,IF主力合约,8.040130,中金所
040120,IF当月连续,8.040120,中金所
UR306,尿素306,115.UR306,郑商所
zn2306,沪锌2306,113.zn2306,上期所
fu2304,燃油2304,113.fu2304,上期所
al2307,沪铝2307,113.al2307,上期所
UR304,尿素304,115.UR304,郑商所
UR310,尿素310,115.UR310,郑商所
v2307,PVC2307,114.v2307,大商所
zn2304,沪锌2304,113.zn2304,上期所
zns,沪锌次主力,113.zns,上期所
zn2303,沪锌2303,113.zn2303,上期所
v2308,PVC2308,114.v2308,大商所
URM,尿素主力,115.URM,郑商所
UR305,尿素305,115.UR305,郑商所
URS,尿素次主力,115.URS,郑商所
UR303,尿素303,115.UR303,郑商所
zn2305,沪锌2305,113.zn2305,上期所
v2311,PVC2311,114.v2311,大商所
vm,PVC主力,114.vm,大商所
v2305,PVC2305,114.v2305,大商所
v2310,PVC2310,114.v2310,大商所
v2304,PVC2304,114.v2304,大商所
alm,沪铝主力,113.alm,上期所
al2302,沪铝2302,113.al2302,上期所
ag2309,沪银2309,113.ag2309,上期所
fu2311,燃油2311,113.fu2311,上期所
SAS,纯碱次主力,115.SAS,郑商所
SA309,纯碱309,115.SA309,郑商所
vs,PVC次主力,114.vs,大商所
v2303,PVC2303,114.v2303,大商所
znm,沪锌主力,113.znm,上期所
zn2302,沪锌2302,113.zn2302,上期所
v2309,PVC2309,114.v2309,大商所
PF302,短纤302,115.PF302,郑商所
PFS,短纤次主力,115.PFS,郑商所
PF304,短纤304,115.PF304,郑商所
als,沪铝次主力,113.als,上期所
al2303,沪铝2303,113.al2303,上期所
TAS,PTA次主力,115.TAS,郑商所
TA303,PTA303,115.TA303,郑商所
TA304,PTA304,115.TA304,郑商所
fu2303,燃油2303,113.fu2303,上期所
al2304,沪铝2304,113.al2304,上期所
fum,燃油主力,113.fum,上期所
fu2305,燃油2305,113.fu2305,上期所
zn2307,沪锌2307,113.zn2307,上期所
pp2311,聚丙烯2311,114.pp2311,大商所
TAM,PTA主力,115.TAM,郑商所
TA305,PTA305,115.TA305,郑商所
TA307,PTA307,115.TA307,郑商所
TA311,PTA311,115.TA311,郑商所
ppm,聚丙烯主力,114.ppm,大商所
pp2305,聚丙烯2305,114.pp2305,大商所
al2305,沪铝2305,113.al2305,上期所
PFM,短纤主力,115.PFM,郑商所
PF303,短纤303,115.PF303,郑商所
v2302,PVC2302,114.v2302,大商所
v2306,PVC2306,114.v2306,大商所
ag2308,沪银2308,113.ag2308,上期所
lm,塑料主力,114.lm,大商所
l2305,塑料2305,114.l2305,大商所
zn2301,沪锌2301,113.zn2301,上期所
TA306,PTA306,115.TA306,郑商所
al2306,沪铝2306,113.al2306,上期所
UR309,尿素309,115.UR309,郑商所
fus,燃油次主力,113.fus,上期所
fu2309,燃油2309,113.fu2309,上期所
eb2310,苯乙烯2310,114.eb2310,大商所
fu2308,燃油2308,113.fu2308,上期所
fu2310,燃油2310,113.fu2310,上期所
TA309,PTA309,115.TA309,郑商所
fu2312,燃油2312,113.fu2312,上期所
v2312,PVC2312,114.v2312,大商所
PF308,短纤308,115.PF308,郑商所
ag2305,沪银2305,113.ag2305,上期所
agm,沪银主力,113.agm,上期所
ag2306,沪银2306,113.ag2306,上期所
UR311,尿素311,115.UR311,郑商所
SF309,硅铁309,115.SF309,郑商所
zn2309,沪锌2309,113.zn2309,上期所
ag2307,沪银2307,113.ag2307,上期所
SA302,纯碱302,115.SA302,郑商所
ag2304,沪银2304,113.ag2304,上期所
PF305,短纤305,115.PF305,郑商所
PF307,短纤307,115.PF307,郑商所
zn2312,沪锌2312,113.zn2312,上期所
zn2311,沪锌2311,113.zn2311,上期所
jd2302,鸡蛋2302,114.jd2302,大商所
zn2310,沪锌2310,113.zn2310,上期所
fu2306,燃油2306,113.fu2306,上期所
jds,鸡蛋次主力,114.jds,大商所
jd2303,鸡蛋2303,114.jd2303,大商所
ag2303,沪银2303,113.ag2303,上期所
fu2401,燃油2401,113.fu2401,上期所
PF309,短纤309,115.PF309,郑商所
061106,IC2306,8.061106,中金所
060123,IC隔季连续,8.060123,中金所
UR312,尿素312,115.UR312,郑商所
ags,沪银次主力,113.ags,上期所
ag2302,沪银2302,113.ag2302,上期所
pps,聚丙烯次主力,114.pps,大商所
pp2303,聚丙烯2303,114.pp2303,大商所
pp2309,聚丙烯2309,114.pp2309,大商所
ls,塑料次主力,114.ls,大商所
l2303,塑料2303,114.l2303,大商所
pp2304,聚丙烯2304,114.pp2304,大商所
ag2310,沪银2310,113.ag2310,上期所
TA312,PTA312,115.TA312,郑商所
spm,纸浆主力,113.spm,上期所
sp2305,纸浆2305,113.sp2305,上期所
l2309,塑料2309,114.l2309,大商所
SM308,锰硅308,115.SM308,郑商所
061103,IC2303,8.061103,中金所
060131,IC次主力合约,8.060131,中金所
060122,IC下季连续,8.060122,中金所
ag2311,沪银2311,113.ag2311,上期所
pp2306,聚丙烯2306,114.pp2306,大商所
fu2307,燃油2307,113.fu2307,上期所
al2311,沪铝2311,113.al2311,上期所
151106,IM2306,8.151106,中金所
150123,IM隔季连续,8.150123,中金所
SF302,硅铁302,115.SF302,郑商所
PF306,短纤306,115.PF306,郑商所
pb2304,沪铅2304,113.pb2304,上期所
SA312,纯碱312,115.SA312,郑商所
sps,纸浆次主力,113.sps,上期所
sp2303,纸浆2303,113.sp2303,上期所
SA310,纯碱310,115.SA310,郑商所
SF310,硅铁310,115.SF310,郑商所
l2310,塑料2310,114.l2310,大商所
al2301,沪铝2301,113.al2301,上期所
pp2307,聚丙烯2307,114.pp2307,大商所
UR307,尿素307,115.UR307,郑商所
SF304,硅铁304,115.SF304,郑商所
SFM,硅铁主力,115.SFM,郑商所
SF303,硅铁303,115.SF303,郑商所
SM307,锰硅307,115.SM307,郑商所
061101,IC2301,8.061101,中金所
060130,IC主力合约,8.060130,中金所
060120,IC当月连续,8.060120,中金所
pp2302,聚丙烯2302,114.pp2302,大商所
SFS,硅铁次主力,115.SFS,郑商所
SF305,硅铁305,115.SF305,郑商所
ag2312,沪银2312,113.ag2312,上期所
sp2304,纸浆2304,113.sp2304,上期所
eg2307,乙二醇2307,114.eg2307,大商所
ru2301,橡胶2301,113.ru2301,上期所
l2302,塑料2302,114.l2302,大商所
pb2309,沪铅2309,113.pb2309,上期所
151103,IM2303,8.151103,中金所
150131,IM次主力合约,8.150131,中金所
150122,IM下季连续,8.150122,中金所
TA302,PTA302,115.TA302,郑商所
SF306,硅铁306,115.SF306,郑商所
eg2309,乙二醇2309,114.eg2309,大商所
al2308,沪铝2308,113.al2308,上期所
pbm,沪铅主力,113.pbm,上期所
pb2303,沪铅2303,113.pb2303,上期所
061102,IC2302,8.061102,中金所
060121,IC下月连续,8.060121,中金所
SM310,锰硅310,115.SM310,郑商所
jms,焦煤次主力,114.jms,大商所
jm2309,焦煤2309,114.jm2309,大商所
151102,IM2302,8.151102,中金所
150121,IM下月连续,8.150121,中金所
l2307,塑料2307,114.l2307,大商所
ms,豆粕次主力,114.ms,大商所
m2303,豆粕2303,114.m2303,大商所
eg2308,乙二醇2308,114.eg2308,大商所
pb2305,沪铅2305,113.pb2305,上期所
l2306,塑料2306,114.l2306,大商所
pp2308,聚丙烯2308,114.pp2308,大商所
sp2302,纸浆2302,113.sp2302,上期所
sp2311,纸浆2311,113.sp2311,上期所
MA308,甲醇308,115.MA308,郑商所
jd2304,鸡蛋2304,114.jd2304,大商所
sp2306,纸浆2306,113.sp2306,上期所
PK303,花生303,115.PK303,郑商所
l2308,塑料2308,114.l2308,大商所
SA304,纯碱304,115.SA304,郑商所
jdm,鸡蛋主力,114.jdm,大商所
jd2305,鸡蛋2305,114.jd2305,大商所
au2308,沪金2308,113.au2308,上期所
SA311,纯碱311,115.SA311,郑商所
au2302,沪金2302,113.au2302,上期所
egm,乙二醇主力,114.egm,大商所
eg2305,乙二醇2305,114.eg2305,大商所
au2312,沪金2312,113.au2312,上期所
SM306,锰硅306,115.SM306,郑商所
pbs,沪铅次主力,113.pbs,上期所
pb2302,沪铅2302,113.pb2302,上期所
aum,沪金主力,113.aum,上期所
au2304,沪金2304,113.au2304,上期所
151101,IM2301,8.151101,中金所
150130,IM主力合约,8.150130,中金所
150120,IM当月连续,8.150120,中金所
SA303,纯碱303,115.SA303,郑商所
MA307,甲醇307,115.MA307,郑商所
jmm,焦煤主力,114.jmm,大商所
jm2305,焦煤2305,114.jm2305,大商所
au2303,沪金2303,113.au2303,上期所
aus,沪金次主力,113.aus,上期所
au2306,沪金2306,113.au2306,上期所
al2309,沪铝2309,113.al2309,上期所
l2304,塑料2304,114.l2304,大商所
SF307,硅铁307,115.SF307,郑商所
lh2309,生猪2309,114.lh2309,大商所
PKM,花生主力,115.PKM,郑商所
PK304,花生304,115.PK304,郑商所
v2301,PVC2301,114.v2301,大商所
lh2307,生猪2307,114.lh2307,大商所
au2310,沪金2310,113.au2310,上期所
SA308,纯碱308,115.SA308,郑商所
PKS,花生次主力,115.PKS,郑商所
PK310,花生310,115.PK310,郑商所
SMM,锰硅主力,115.SMM,郑商所
SM305,锰硅305,115.SM305,郑商所
SM302,锰硅302,115.SM302,郑商所
fb2305,纤维板2305,114.fb2305,大商所
MA311,甲醇311,115.MA311,郑商所
egs,乙二醇次主力,114.egs,大商所
eg2303,乙二醇2303,114.eg2303,大商所
eg2304,乙二醇2304,114.eg2304,大商所
SM309,锰硅309,115.SM309,郑商所
jd2306,鸡蛋2306,114.jd2306,大商所
sp2310,纸浆2310,113.sp2310,上期所
SMS,锰硅次主力,115.SMS,郑商所
SM303,锰硅303,115.SM303,郑商所
MA312,甲醇312,115.MA312,郑商所
eg2306,乙二醇2306,114.eg2306,大商所
js,焦炭次主力,114.js,大商所
j2309,焦炭2309,114.j2309,大商所
jm,焦炭主力,114.jm,大商所
j2305,焦炭2305,114.j2305,大商所
ssm,不锈钢主力,113.ssm,上期所
ss2302,不锈钢2302,113.ss2302,上期所
TA308,PTA308,115.TA308,郑商所
sp2308,纸浆2308,113.sp2308,上期所
MA302,甲醇302,115.MA302,郑商所
SF308,硅铁308,115.SF308,郑商所
jm2303,焦煤2303,114.jm2303,大商所
CJ307,红枣307,115.CJ307,郑商所
sp2309,纸浆2309,113.sp2309,上期所
pb2301,沪铅2301,113.pb2301,上期所
bu2409,沥青2409,113.bu2409,上期所
sp2307,纸浆2307,113.sp2307,上期所
SM304,锰硅304,115.SM304,郑商所
wrm,线材主力,113.wrm,上期所
wr2305,线材2305,113.wr2305,上期所
al2312,沪铝2312,113.al2312,上期所
UR308,尿素308,115.UR308,郑商所
sss,不锈钢次主力,113.sss,上期所
ss2303,不锈钢2303,113.ss2303,上期所
bs,豆二次主力,114.bs,大商所
b2303,豆二2303,114.b2303,大商所
sp2312,纸浆2312,113.sp2312,上期所
ss2310,不锈钢2310,113.ss2310,上期所
jd2307,鸡蛋2307,114.jd2307,大商所
eb2304,苯乙烯2304,114.eb2304,大商所
m2307,豆粕2307,114.m2307,大商所
ss2312,不锈钢2312,113.ss2312,上期所
UR301,尿素301,115.UR301,郑商所
eg2302,乙二醇2302,114.eg2302,大商所
l2312,塑料2312,114.l2312,大商所
pb2306,沪铅2306,113.pb2306,上期所
ss2304,不锈钢2304,113.ss2304,上期所
mm,豆粕主力,114.mm,大商所
m2305,豆粕2305,114.m2305,大商所
PK312,花生312,115.PK312,郑商所
CJM,红枣主力,115.CJM,郑商所
CJ305,红枣305,115.CJ305,郑商所
TA310,PTA310,115.TA310,郑商所
jd2308,鸡蛋2308,114.jd2308,大商所
as,豆一次主力,114.as,大商所
a2303,豆一2303,114.a2303,大商所
SAM,纯碱主力,115.SAM,郑商所
SA305,纯碱305,115.SA305,郑商所
eb2305,苯乙烯2305,114.eb2305,大商所
eg2311,乙二醇2311,114.eg2311,大商所
MA306,甲醇306,115.MA306,郑商所
eb2306,苯乙烯2306,114.eb2306,大商所
jd2309,鸡蛋2309,114.jd2309,大商所
lh2311,生猪2311,114.lh2311,大商所
b2304,豆二2304,114.b2304,大商所
jd2312,鸡蛋2312,114.jd2312,大商所
jd2310,鸡蛋2310,114.jd2310,大商所
ss2306,不锈钢2306,113.ss2306,上期所
csm,淀粉主力,114.csm,大商所
cs2303,淀粉2303,114.cs2303,大商所
a2311,豆一2311,114.a2311,大商所
bu2312,沥青2312,113.bu2312,上期所
al2310,沪铝2310,113.al2310,上期所
PK311,花生311,115.PK311,郑商所
ss2307,不锈钢2307,113.ss2307,上期所
MAM,甲醇主力,115.MAM,郑商所
MA305,甲醇305,115.MA305,郑商所
MA309,甲醇309,115.MA309,郑商所
ebs,苯乙烯次主力,114.ebs,大商所
eb2303,苯乙烯2303,114.eb2303,大商所
CJ312,红枣312,115.CJ312,郑商所
AP301,苹果301,115.AP301,郑商所
CJS,红枣次主力,115.CJS,郑商所
CJ309,红枣309,115.CJ309,郑商所
cm,玉米主力,114.cm,大商所
c2303,玉米2303,114.c2303,大商所
a2309,豆一2309,114.a2309,大商所
eb2309,苯乙烯2309,114.eb2309,大商所
cs2309,淀粉2309,114.cs2309,大商所
css,淀粉次主力,114.css,大商所
cs2305,淀粉2305,114.cs2305,大商所
rr2305,粳米2305,114.rr2305,大商所
rr2310,粳米2310,114.rr2310,大商所
b2305,豆二2305,114.b2305,大商所
cs2307,淀粉2307,114.cs2307,大商所
ss2311,不锈钢2311,113.ss2311,上期所
SR309,白糖309,115.SR309,郑商所
SR311,白糖311,115.SR311,郑商所
rr2309,粳米2309,114.rr2309,大商所
m2309,豆粕2309,114.m2309,大商所
m2308,豆粕2308,114.m2308,大商所
MA304,甲醇304,115.MA304,郑商所
UR302,尿素302,115.UR302,郑商所
c2307,玉米2307,114.c2307,大商所
ebm,苯乙烯主力,114.ebm,大商所
eb2302,苯乙烯2302,114.eb2302,大商所
SF301,硅铁301,115.SF301,郑商所
rrm,粳米主力,114.rrm,大商所
rr2303,粳米2303,114.rr2303,大商所
am,豆一主力,114.am,大商所
a2305,豆一2305,114.a2305,大商所
bu2308,沥青2308,113.bu2308,上期所
a2307,豆一2307,114.a2307,大商所
cs,玉米次主力,114.cs,大商所
c2305,玉米2305,114.c2305,大商所
RM311,菜粕311,115.RM311,郑商所
RMM,菜粕主力,115.RMM,郑商所
RM305,菜粕305,115.RM305,郑商所
RM308,菜粕308,115.RM308,郑商所
rr2304,粳米2304,114.rr2304,大商所
rr2306,粳米2306,114.rr2306,大商所
CYM,棉纱主力,115.CYM,郑商所
CY305,棉纱305,115.CY305,郑商所
y2301,豆油2301,114.y2301,大商所
wrs,线材次主力,113.wrs,上期所
wr2312,线材2312,113.wr2312,上期所
wr2311,线材2311,113.wr2311,上期所
wr2310,线材2310,113.wr2310,上期所
wr2309,线材2309,113.wr2309,上期所
wr2308,线材2308,113.wr2308,上期所
wr2307,线材2307,113.wr2307,上期所
wr2306,线材2306,113.wr2306,上期所
wr2304,线材2304,113.wr2304,上期所
wr2303,线材2303,113.wr2303,上期所
wr2302,线材2302,113.wr2302,上期所
wr2301,线材2301,113.wr2301,上期所
ss2308,不锈钢2308,113.ss2308,上期所
ss2305,不锈钢2305,113.ss2305,上期所
ss2301,不锈钢2301,113.ss2301,上期所
rr2311,粳米2311,114.rr2311,大商所
rr2307,粳米2307,114.rr2307,大商所
rr2301,粳米2301,114.rr2301,大商所
rb2311,螺纹钢2311,113.rb2311,上期所
pp2312,聚丙烯2312,114.pp2312,大商所
pp2310,聚丙烯2310,114.pp2310,大商所
pp2301,聚丙烯2301,114.pp2301,大商所
pg2312,LPG2312,114.pg2312,大商所
pg2311,LPG2311,114.pg2311,大商所
pg2301,LPG2301,114.pg2301,大商所
pb2311,沪铅2311,113.pb2311,上期所
pb2310,沪铅2310,113.pb2310,上期所
pb2308,沪铅2308,113.pb2308,上期所
p2310,棕榈油2310,114.p2310,大商所
p2301,棕榈油2301,114.p2301,大商所
ni2301,沪镍2301,113.ni2301,上期所
m2301,豆粕2301,114.m2301,大商所
lh2301,生猪2301,114.lh2301,大商所
l2301,塑料2301,114.l2301,大商所
jm2311,焦煤2311,114.jm2311,大商所
jm2310,焦煤2310,114.jm2310,大商所
jm2308,焦煤2308,114.jm2308,大商所
jm2307,焦煤2307,114.jm2307,大商所
jm2306,焦煤2306,114.jm2306,大商所
jm2304,焦煤2304,114.jm2304,大商所
jm2302,焦煤2302,114.jm2302,大商所
jm2301,焦煤2301,114.jm2301,大商所
jd2301,鸡蛋2301,114.jd2301,大商所
j2312,焦炭2312,114.j2312,大商所
j2311,焦炭2311,114.j2311,大商所
j2310,焦炭2310,114.j2310,大商所
j2308,焦炭2308,114.j2308,大商所
j2307,焦炭2307,114.j2307,大商所
j2306,焦炭2306,114.j2306,大商所
j2304,焦炭2304,114.j2304,大商所
j2303,焦炭2303,114.j2303,大商所
j2302,焦炭2302,114.j2302,大商所
j2301,焦炭2301,114.j2301,大商所
i2301,铁矿石2301,114.i2301,大商所
hc2301,热卷2301,113.hc2301,上期所
fu2302,燃油2302,113.fu2302,上期所
fbs,纤维板次主力,114.fbs,大商所
fb2312,纤维板2312,114.fb2312,大商所
fb2311,纤维板2311,114.fb2311,大商所
fb2310,纤维板2310,114.fb2310,大商所
fb2309,纤维板2309,114.fb2309,大商所
fb2308,纤维板2308,114.fb2308,大商所
fb2307,纤维板2307,114.fb2307,大商所
fb2306,纤维板2306,114.fb2306,大商所
fb2304,纤维板2304,114.fb2304,大商所
fb2302,纤维板2302,114.fb2302,大商所
fb2301,纤维板2301,114.fb2301,大商所
eg2312,乙二醇2312,114.eg2312,大商所
eg2310,乙二醇2310,114.eg2310,大商所
eg2301,乙二醇2301,114.eg2301,大商所
eb2312,苯乙烯2312,114.eb2312,大商所
eb2308,苯乙烯2308,114.eb2308,大商所
eb2307,苯乙烯2307,114.eb2307,大商所
eb2301,苯乙烯2301,114.eb2301,大商所
cs2311,淀粉2311,114.cs2311,大商所
cs2301,淀粉2301,114.cs2301,大商所
c2309,玉米2309,114.c2309,大商所
c2301,玉米2301,114.c2301,大商所
bu2412,沥青2412,113.bu2412,上期所
bu2311,沥青2311,113.bu2311,上期所
bu2310,沥青2310,113.bu2310,上期所
bbs,胶合板次主力,114.bbs,大商所
bbm,胶合板主力,114.bbm,大商所
bb2312,胶合板2312,114.bb2312,大商所
bb2311,胶合板2311,114.bb2311,大商所
bb2310,胶合板2310,114.bb2310,大商所
bb2309,胶合板2309,114.bb2309,大商所
bb2308,胶合板2308,114.bb2308,大商所
bb2307,胶合板2307,114.bb2307,大商所
bb2306,胶合板2306,114.bb2306,大商所
bb2305,胶合板2305,114.bb2305,大商所
bb2304,胶合板2304,114.bb2304,大商所
bb2303,胶合板2303,114.bb2303,大商所
bb2302,胶合板2302,114.bb2302,大商所
bb2301,胶合板2301,114.bb2301,大商所
b2310,豆二2310,114.b2310,大商所
b2308,豆二2308,114.b2308,大商所
b2307,豆二2307,114.b2307,大商所
b2301,豆二2301,114.b2301,大商所
au2301,沪金2301,113.au2301,上期所
a2301,豆一2301,114.a2301,大商所
ZCS,动力煤次主力,115.ZCS,郑商所
ZCM,动力煤主力,115.ZCM,郑商所
ZC401,动力煤401,115.ZC401,郑商所
ZC312,动力煤312,115.ZC312,郑商所
ZC311,动力煤311,115.ZC311,郑商所
ZC310,动力煤310,115.ZC310,郑商所
ZC309,动力煤309,115.ZC309,郑商所
ZC308,动力煤308,115.ZC308,郑商所
ZC307,动力煤307,115.ZC307,郑商所
ZC306,动力煤306,115.ZC306,郑商所
ZC305,动力煤305,115.ZC305,郑商所
ZC304,动力煤304,115.ZC304,郑商所
ZC303,动力煤303,115.ZC303,郑商所
ZC302,动力煤302,115.ZC302,郑商所
WHS,强麦次主力,115.WHS,郑商所
WHM,强麦主力,115.WHM,郑商所
WH311,强麦311,115.WH311,郑商所
WH309,强麦309,115.WH309,郑商所
WH307,强麦307,115.WH307,郑商所
WH305,强麦305,115.WH305,郑商所
WH303,强麦303,115.WH303,郑商所
WH301,强麦301,115.WH301,郑商所
SR301,白糖301,115.SR301,郑商所
SM312,锰硅312,115.SM312,郑商所
SM311,锰硅311,115.SM311,郑商所
SM301,锰硅301,115.SM301,郑商所
SF312,硅铁312,115.SF312,郑商所
SF311,硅铁311,115.SF311,郑商所
SA301,纯碱301,115.SA301,郑商所
RS308,菜籽308,115.RS308,郑商所
RS307,菜籽307,115.RS307,郑商所
RIS,早籼稻次主力,115.RIS,郑商所
RIM,早籼稻主力,115.RIM,郑商所
RI311,早籼稻311,115.RI311,郑商所
RI309,早籼稻309,115.RI309,郑商所
RI307,早籼稻307,115.RI307,郑商所
RI305,早籼稻305,115.RI305,郑商所
RI303,早籼稻303,115.RI303,郑商所
RI301,早籼稻301,115.RI301,郑商所
PMS,普麦次主力,115.PMS,郑商所
PMM,普麦主力,115.PMM,郑商所
PM311,普麦311,115.PM311,郑商所
PM309,普麦309,115.PM309,郑商所
PM307,普麦307,115.PM307,郑商所
PM305,普麦305,115.PM305,郑商所
PM303,普麦303,115.PM303,郑商所
PM301,普麦301,115.PM301,郑商所
PK301,花生301,115.PK301,郑商所
PF312,短纤312,115.PF312,郑商所
PF311,短纤311,115.PF311,郑商所
PF310,短纤310,115.PF310,郑商所
PF301,短纤301,115.PF301,郑商所
OI301,菜油301,115.OI301,郑商所
MAS,甲醇次主力,115.MAS,郑商所
MA310,甲醇310,115.MA310,郑商所
MA303,甲醇303,115.MA303,郑商所
MA301,甲醇301,115.MA301,郑商所
LRS,晚籼稻次主力,115.LRS,郑商所
LRM,晚籼稻主力,115.LRM,郑商所
LR311,晚籼稻311,115.LR311,郑商所
LR309,晚籼稻309,115.LR309,郑商所
LR307,晚籼稻307,115.LR307,郑商所
LR305,晚籼稻305,115.LR305,郑商所
LR303,晚籼稻303,115.LR303,郑商所
LR301,晚籼稻301,115.LR301,郑商所
JRS,粳稻次主力,115.JRS,郑商所
JRM,粳稻主力,115.JRM,郑商所
JR311,粳稻311,115.JR311,郑商所
JR309,粳稻309,115.JR309,郑商所
JR307,粳稻307,115.JR307,郑商所
JR305,粳稻305,115.JR305,郑商所
JR303,粳稻303,115.JR303,郑商所
JR301,粳稻301,115.JR301,郑商所
FG302,玻璃302,115.FG302,郑商所
FG301,玻璃301,115.FG301,郑商所
CY312,棉纱312,115.CY312,郑商所
CY311,棉纱311,115.CY311,郑商所
CY310,棉纱310,115.CY310,郑商所
CY308,棉纱308,115.CY308,郑商所
CY307,棉纱307,115.CY307,郑商所
CY306,棉纱306,115.CY306,郑商所
CY304,棉纱304,115.CY304,郑商所
CY303,棉纱303,115.CY303,郑商所
CY302,棉纱302,115.CY302,郑商所
CY301,棉纱301,115.CY301,郑商所
CJ301,红枣301,115.CJ301,郑商所
132109,TS2309(EFP),8.132109,中金所
132106,TS2306(EFP),8.132106,中金所
132103,TS2303(EFP),8.132103,中金所
112109,T2309(EFP),8.112109,中金所
112106,T2306(EFP),8.112106,中金所
112103,T2303(EFP),8.112103,中金所
052109,TF2309(EFP),8.052109,中金所
052106,TF2306(EFP),8.052106,中金所
052103,TF2303(EFP),8.052103,中金所
SR307,白糖307,115.SR307,郑商所
SRS,白糖次主力,115.SRS,郑商所
SR305,白糖305,115.SR305,郑商所
bm,豆二主力,114.bm,大商所
b2302,豆二2302,114.b2302,大商所
jm2312,焦煤2312,114.jm2312,大商所
RM309,菜粕309,115.RM309,郑商所
RM307,菜粕307,115.RM307,郑商所
131103,TS2303,8.131103,中金所
130130,TS主力合约,8.130130,中金所
130120,TS当季连续,8.130120,中金所
131109,TS2309,8.131109,中金所
130122,TS隔季连续,8.130122,中金所
jd2311,鸡蛋2311,114.jd2311,大商所
b2311,豆二2311,114.b2311,大商所
rb2308,螺纹钢2308,113.rb2308,上期所
m2311,豆粕2311,114.m2311,大商所
bu2307,沥青2307,113.bu2307,上期所
131106,TS2306,8.131106,中金所
130131,TS次主力合约,8.130131,中金所
130121,TS下季连续,8.130121,中金所
rr2312,粳米2312,114.rr2312,大商所
051109,TF2309,8.051109,中金所
050122,TF隔季连续,8.050122,中金所
RSS,菜籽次主力,115.RSS,郑商所
RS309,菜籽309,115.RS309,郑商所
rb2301,螺纹钢2301,113.rb2301,上期所
051106,TF2306,8.051106,中金所
050131,TF次主力合约,8.050131,中金所
050121,TF下季连续,8.050121,中金所
SRM,白糖主力,115.SRM,郑商所
SR303,白糖303,115.SR303,郑商所
cu2310,沪铜2310,113.cu2310,上期所
051103,TF2303,8.051103,中金所
050130,TF主力合约,8.050130,中金所
050120,TF当季连续,8.050120,中金所
b2306,豆二2306,114.b2306,大商所
CJ303,红枣303,115.CJ303,郑商所
b2309,豆二2309,114.b2309,大商所
cum,沪铜主力,113.cum,上期所
cu2303,沪铜2303,113.cu2303,上期所
SA307,纯碱307,115.SA307,郑商所
bu2403,沥青2403,113.bu2403,上期所
rb2302,螺纹钢2302,113.rb2302,上期所
cu2312,沪铜2312,113.cu2312,上期所
bu2406,沥青2406,113.bu2406,上期所
lhm,生猪主力,114.lhm,大商所
lh2303,生猪2303,114.lh2303,大商所
FG312,玻璃312,115.FG312,郑商所
cu2304,沪铜2304,113.cu2304,上期所
cus,沪铜次主力,113.cus,上期所
cu2302,沪铜2302,113.cu2302,上期所
111109,T2309,8.111109,中金所
110122,T隔季连续,8.110122,中金所
bum,沥青主力,113.bum,上期所
bu2306,沥青2306,113.bu2306,上期所
m2312,豆粕2312,114.m2312,大商所
RMS,菜粕次主力,115.RMS,郑商所
RM303,菜粕303,115.RM303,郑商所
cu2305,沪铜2305,113.cu2305,上期所
111106,T2306,8.111106,中金所
110131,T次主力合约,8.110131,中金所
110121,T下季连续,8.110121,中金所
111103,T2303,8.111103,中金所
110130,T主力合约,8.110130,中金所
110120,T当季连续,8.110120,中金所
pg2307,LPG2307,114.pg2307,大商所
cu2306,沪铜2306,113.cu2306,上期所
CF307,棉花307,115.CF307,郑商所
CFS,棉花次主力,115.CFS,郑商所
CF303,棉花303,115.CF303,郑商所
bu2305,沥青2305,113.bu2305,上期所
rrs,粳米次主力,114.rrs,大商所
rr2302,粳米2302,114.rr2302,大商所
rb2309,螺纹钢2309,113.rb2309,上期所
pb2307,沪铅2307,113.pb2307,上期所
ag2301,沪银2301,113.ag2301,上期所
CF311,棉花311,115.CF311,郑商所
pb2312,沪铅2312,113.pb2312,上期所
y2312,豆油2312,114.y2312,大商所
bus,沥青次主力,113.bus,上期所
bu2303,沥青2303,113.bu2303,上期所
rbm,螺纹钢主力,113.rbm,上期所
rb2305,螺纹钢2305,113.rb2305,上期所
bu2309,沥青2309,113.bu2309,上期所
rbs,螺纹钢次主力,113.rbs,上期所
rb2306,螺纹钢2306,113.rb2306,上期所
rb2304,螺纹钢2304,113.rb2304,上期所
rb2303,螺纹钢2303,113.rb2303,上期所
cu2301,沪铜2301,113.cu2301,上期所
CF301,棉花301,115.CF301,郑商所
CFM,棉花主力,115.CFM,郑商所
CF305,棉花305,115.CF305,郑商所
RSM,菜籽主力,115.RSM,郑商所
RS311,菜籽311,115.RS311,郑商所
ys,豆油次主力,114.ys,大商所
y2309,豆油2309,114.y2309,大商所
hc2302,热卷2302,113.hc2302,上期所
hc2306,热卷2306,113.hc2306,上期所
l2311,塑料2311,114.l2311,大商所
cu2311,沪铜2311,113.cu2311,上期所
cu2307,沪铜2307,113.cu2307,上期所
cu2309,沪铜2309,113.cu2309,上期所
hc2303,热卷2303,113.hc2303,上期所
hcm,热卷主力,113.hcm,上期所
hc2305,热卷2305,113.hc2305,上期所
CF309,棉花309,115.CF309,郑商所
fbm,纤维板主力,114.fbm,大商所
fb2303,纤维板2303,114.fb2303,大商所
cu2308,沪铜2308,113.cu2308,上期所
sp2301,纸浆2301,113.sp2301,上期所
bu2301,沥青2301,113.bu2301,上期所
rr2308,粳米2308,114.rr2308,大商所
c2311,玉米2311,114.c2311,大商所
rb2310,螺纹钢2310,113.rb2310,上期所
hcs,热卷次主力,113.hcs,上期所
hc2307,热卷2307,113.hc2307,上期所
rb2307,螺纹钢2307,113.rb2307,上期所
ru2308,橡胶2308,113.ru2308,上期所
pg2308,LPG2308,114.pg2308,大商所
OI311,菜油311,115.OI311,郑商所
hc2310,热卷2310,113.hc2310,上期所
y2307,豆油2307,114.y2307,大商所
hc2304,热卷2304,113.hc2304,上期所
ru2311,橡胶2311,113.ru2311,上期所
ru2303,橡胶2303,113.ru2303,上期所
ru2306,橡胶2306,113.ru2306,上期所
y2311,豆油2311,114.y2311,大商所
bu2304,沥青2304,113.bu2304,上期所
bu2302,沥青2302,113.bu2302,上期所
CYS,棉纱次主力,115.CYS,郑商所
CY309,棉纱309,115.CY309,郑商所
y2308,豆油2308,114.y2308,大商所
y2303,豆油2303,114.y2303,大商所
FG306,玻璃306,115.FG306,郑商所
ru2307,橡胶2307,113.ru2307,上期所
i2302,铁矿石2302,114.i2302,大商所
p2306,棕榈油2306,114.p2306,大商所
lhs,生猪次主力,114.lhs,大商所
lh2305,生猪2305,114.lh2305,大商所
FG310,玻璃310,115.FG310,郑商所
FG311,玻璃311,115.FG311,郑商所
FGS,玻璃次主力,115.FGS,郑商所
FG309,玻璃309,115.FG309,郑商所
OIM,菜油主力,115.OIM,郑商所
OI305,菜油305,115.OI305,郑商所
FG307,玻璃307,115.FG307,郑商所
ym,豆油主力,114.ym,大商所
y2305,豆油2305,114.y2305,大商所
ru2310,橡胶2310,113.ru2310,上期所
rus,橡胶次主力,113.rus,上期所
ru2309,橡胶2309,113.ru2309,上期所
hc2309,热卷2309,113.hc2309,上期所
eb2311,苯乙烯2311,114.eb2311,大商所
OI309,菜油309,115.OI309,郑商所
rb2312,螺纹钢2312,113.rb2312,上期所
p2307,棕榈油2307,114.p2307,大商所
ru2304,橡胶2304,113.ru2304,上期所
p2309,棕榈油2309,114.p2309,大商所
FG308,玻璃308,115.FG308,郑商所
FG304,玻璃304,115.FG304,郑商所
OI307,菜油307,115.OI307,郑商所
FGM,玻璃主力,115.FGM,郑商所
FG305,玻璃305,115.FG305,郑商所
ss2309,不锈钢2309,113.ss2309,上期所
i2312,铁矿石2312,114.i2312,大商所
i2303,铁矿石2303,114.i2303,大商所
SA306,纯碱306,115.SA306,郑商所
pg2310,LPG2310,114.pg2310,大商所
p2308,棕榈油2308,114.p2308,大商所
rum,橡胶主力,113.rum,上期所
ru2305,橡胶2305,113.ru2305,上期所
OIS,菜油次主力,115.OIS,郑商所
OI303,菜油303,115.OI303,郑商所
hc2308,热卷2308,113.hc2308,上期所
pm,棕榈油主力,114.pm,大商所
p2305,棕榈油2305,114.p2305,大商所
hc2311,热卷2311,113.hc2311,上期所
FG303,玻璃303,115.FG303,郑商所
p2312,棕榈油2312,114.p2312,大商所
ps,棕榈油次主力,114.ps,大商所
p2303,棕榈油2303,114.p2303,大商所
im,铁矿石主力,114.im,大商所
i2305,铁矿石2305,114.i2305,大商所
is,铁矿石次主力,114.is,大商所
i2309,铁矿石2309,114.i2309,大商所
ni2310,沪镍2310,113.ni2310,上期所
pg2305,LPG2305,114.pg2305,大商所
pg2309,LPG2309,114.pg2309,大商所
ni2311,沪镍2311,113.ni2311,上期所
p2311,棕榈油2311,114.p2311,大商所
b2312,豆二2312,114.b2312,大商所
pg2304,LPG2304,114.pg2304,大商所
pgs,LPG次主力,114.pgs,大商所
pg2303,LPG2303,114.pg2303,大商所
i2304,铁矿石2304,114.i2304,大商所
p2304,棕榈油2304,114.p2304,大商所
hc2312,热卷2312,113.hc2312,上期所
ni2304,沪镍2304,113.ni2304,上期所
i2311,铁矿石2311,114.i2311,大商所
p2302,棕榈油2302,114.p2302,大商所
i2307,铁矿石2307,114.i2307,大商所
ni2309,沪镍2309,113.ni2309,上期所
ni2308,沪镍2308,113.ni2308,上期所
i2306,铁矿石2306,114.i2306,大商所
ni2312,沪镍2312,113.ni2312,上期所
ni2305,沪镍2305,113.ni2305,上期所
ni2307,沪镍2307,113.ni2307,上期所
ni2306,沪镍2306,113.ni2306,上期所
pg2306,LPG2306,114.pg2306,大商所
i2308,铁矿石2308,114.i2308,大商所
i2310,铁矿石2310,114.i2310,大商所
nis,沪镍次主力,113.nis,上期所
ni2303,沪镍2303,113.ni2303,上期所
pgm,LPG主力,114.pgm,大商所
pg2302,LPG2302,114.pg2302,大商所
nim,沪镍主力,113.nim,上期所
ni2302,沪镍2302,113.ni2302,上期所
