Date,Open,Close,High,Low
2014-03-21,3252,3324,3336,3230
2014-03-24,3314,3330,3330,3266
2014-03-25,3326,3378,3400,3320
2014-03-26,3370,3376,3382,3354
2014-03-27,3368,3362,3386,3350
2014-03-28,3376,3382,3386,3360
2014-03-31,3396,3410,3422,3382
2014-04-01,3412,3414,3418,3396
2014-04-02,3410,3390,3426,3388
2014-04-03,3384,3410,3414,3382
2014-04-04,3412,3440,3440,3402
2014-04-07,3450,3480,3488,3442
2014-04-09,3488,3452,3488,3444
2014-04-10,3450,3446,3470,3442
2014-04-11,3430,3434,3452,3430
2014-04-14,3432,3438,3464,3432
2014-04-15,3442,3448,3448,3418
2014-04-16,3446,3418,3446,3410
2014-04-17,3428,3412,3428,3410
2014-04-18,3410,3354,3412,3346
2014-04-21,3340,3340,3364,3340
2014-04-22,3340,3354,3366,3324
2014-04-23,3358,3380,3388,3336
2014-04-24,3376,3390,3396,3366
2014-04-25,3398,3378,3400,3372
2014-04-28,3372,3336,3372,3334
2014-04-29,3334,3360,3374,3334
2014-04-30,3370,3344,3370,3338
2014-05-01,3334,3352,3362,3224
2014-05-06,3342,3344,3364,3336
2014-05-07,3338,3332,3358,3330
2014-05-08,3330,3312,3338,3310
2014-05-09,3312,3318,3330,3302
2014-05-12,3332,3336,3336,3298
2014-05-13,3336,3326,3346,3320
2014-05-14,3326,3324,3330,3314
2014-05-15,3324,3300,3328,3298
2014-05-16,3294,3272,3300,3240
2014-05-19,3262,3264,3284,3250
2014-05-20,3260,3262,3276,3254
2014-05-21,3264,3274,3284,3254
2014-05-22,3272,3280,3314,3272
2014-05-23,3286,3282,3294,3276
2014-05-26,3288,3326,3330,3286
2014-05-27,3332,3340,3370,3320
2014-05-28,3300,3312,3342,3300
2014-05-29,3308,3308,3324,3300
2014-05-30,3300,3264,3300,3252
2014-06-02,3256,3268,3290,3246
2014-06-04,3268,3262,3276,3260
2014-06-05,3268,3270,3284,3252
2014-06-06,3276,3282,3282,3260
2014-06-09,3278,3262,3282,3254
2014-06-10,3262,3268,3272,3230
2014-06-11,3270,3260,3278,3254
2014-06-12,3252,3246,3256,3230
2014-06-13,3238,3248,3258,3230
2014-06-16,3250,3226,3250,3216
2014-06-17,3218,3238,3246,3208
2014-06-18,3240,3264,3276,3232
2014-06-19,3266,3264,3280,3260
2014-06-20,3270,3278,3286,3254
2014-06-23,3282,3298,3304,3278
2014-06-24,3300,3282,3300,3278
2014-06-25,3290,3288,3292,3272
2014-06-26,3296,3320,3320,3288
2014-06-27,3322,3304,3328,3302
2014-06-30,3300,3286,3308,3286
2014-07-01,3288,3294,3296,3276
2014-07-02,3294,3308,3312,3278
2014-07-03,3312,3310,3328,3306
2014-07-04,3308,3306,3314,3296
2014-07-07,3312,3294,3312,3284
2014-07-08,3294,3312,3314,3286
2014-07-09,3310,3298,3316,3292
2014-07-10,3302,3328,3340,3296
2014-07-11,3338,3342,3344,3320
2014-07-14,3348,3364,3366,3342
2014-07-15,3362,3360,3388,3356
2014-07-16,3358,3344,3362,3344
2014-07-17,3300,3328,3350,3300
2014-07-18,3328,3276,3328,3270
2014-07-21,3266,3284,3328,3266
2014-07-22,3270,3286,3302,3270
2014-07-23,3284,3278,3290,3276
2014-07-24,3280,3288,3294,3278
2014-07-25,3286,3294,3306,3284
2014-07-28,3288,3300,3310,3282
2014-07-29,3302,3320,3328,3302
2014-07-30,3318,3300,3318,3288
2014-07-31,3304,3290,3310,3276
2014-08-01,3290,3282,3294,3268
2014-08-04,3280,3290,3300,3276
2014-08-05,3280,3310,3384,3280
2014-08-06,3320,3334,3340,3304
2014-08-07,3340,3340,3350,3330
2014-08-08,3330,3320,3350,3308
2014-08-11,3332,3314,3342,3310
2014-08-12,3308,3324,3356,3302
2014-08-13,3326,3310,3342,3308
2014-08-14,3310,3278,3310,3272
2014-08-15,3270,3298,3320,3218
2014-08-18,3302,3278,3320,3268
2014-08-19,3274,3290,3298,3274
2014-08-20,3280,3268,3300,3268
2014-08-21,3270,3274,3280,3254
2014-08-22,3308,3212,3308,3212
2014-08-25,3208,3190,3308,3180
2014-08-26,3196,3176,3214,3164
2014-08-27,3184,3170,3220,3156
2014-08-28,3180,3132,3180,3124
2014-08-29,3126,3164,3170,3126
2014-09-01,3122,3110,3170,3100
2014-09-02,3100,3098,3126,3086
2014-09-03,3086,3072,3092,3052
2014-09-04,3070,3036,3070,3036
2014-09-05,3050,3032,3050,3026
2014-09-09,3030,2956,3032,2952
2014-09-10,2950,2976,3008,2908
2014-09-11,2972,2938,2976,2922
2014-09-12,2942,2968,2972,2926
2014-09-15,2958,2996,3000,2958
2014-09-16,3000,2950,3010,2948
2014-09-17,2980,2962,2986,2944
2014-09-18,2960,2934,2970,2930
2014-09-19,2914,2882,2932,2872
2014-09-22,2882,2792,2932,2790
2014-09-23,2790,2808,2850,2786
2014-09-24,2818,2832,2844,2816
2014-09-25,2834,2790,2834,2786
2014-09-26,2790,2836,2864,2780
2014-09-29,2850,2800,2864,2780
2014-09-30,2802,2816,2828,2802
2014-10-01,2802,2816,2828,2802
2014-10-02,2802,2816,2828,2802
2014-10-03,2802,2816,2828,2802
2014-10-06,2802,2816,2828,2802
2014-10-08,2828,2772,2854,2754
2014-10-09,2782,2810,2816,2754
2014-10-10,2810,2840,2860,2790
2014-10-13,2840,2920,2942,2840
2014-10-14,2934,2894,2934,2886
2014-10-15,2890,2902,2910,2880
2014-10-16,2850,2868,2888,2834
2014-10-17,2878,2860,2882,2848
2014-10-20,2882,2896,2906,2860
2014-10-21,2900,2874,2912,2874
2014-10-22,2872,2866,2886,2844
2014-10-23,2862,2834,2862,2832
2014-10-24,2848,2858,2870,2834
2014-10-27,2868,2862,2878,2850
2014-10-28,2862,2844,2866,2842
2014-10-29,2848,2860,2860,2840
2014-10-30,2866,2852,2872,2820
2014-10-31,2852,2856,2870,2842
2014-11-03,2844,2830,2870,2830
2014-11-04,2830,2836,2850,2822
2014-11-05,2830,2828,2842,2826
2014-11-06,2828,2832,2844,2826
2014-11-07,2836,2836,2848,2832
2014-11-10,2850,2874,2886,2850
2014-11-11,2872,2868,2880,2850
2014-11-12,2872,2888,2898,2868
2014-11-13,2880,2870,2880,2850
2014-11-14,2860,2876,2878,2842
2014-11-17,2878,2872,2890,2870
2014-11-18,2872,2862,2872,2856
2014-11-19,2856,2860,2876,2852
2014-11-20,2860,2884,2886,2860
2014-11-21,2880,2884,2920,2880
2014-11-24,2896,2884,2918,2872
2014-11-25,2880,2888,2896,2860
2014-11-26,2886,2886,2894,2876
2014-11-27,2888,2980,2988,2888
2014-11-28,2878,2960,2976,2878
2014-12-01,2942,2986,3012,2910
2014-12-02,3002,2984,3018,2980
2014-12-03,2980,2992,2996,2944
2014-12-04,2988,2976,3016,2962
2014-12-05,2986,3006,3006,2960
2014-12-08,2992,2998,3010,2982
2014-12-09,2990,2980,3010,2980
2014-12-10,2986,2996,2996,2972
2014-12-11,2986,3004,3008,2980
2014-12-12,3014,3004,3016,2994
2014-12-15,2938,2926,2946,2920
2014-12-16,2918,2896,2918,2884
2014-12-17,2888,2882,2900,2870
2014-12-18,2884,2886,2892,2864
2014-12-19,2886,2888,2898,2872
2014-12-22,2888,2854,2898,2848
2014-12-23,2848,2804,2848,2804
2014-12-24,2820,2848,2852,2812
2014-12-25,2838,2824,2840,2824
2014-12-26,2820,2820,2850,2816
2014-12-29,2820,2850,2862,2804
2014-12-30,2850,2956,2956,2846
2014-12-31,2950,2928,2958,2904
2015-01-05,2928,2902,2928,2886
2015-01-06,2882,2936,2992,2882
2015-01-07,2930,2902,2932,2894
2015-01-08,2902,2878,2912,2874
2015-01-09,2882,2834,2882,2832
2015-01-12,2836,2752,2842,2750
2015-01-13,2750,2736,2764,2724
2015-01-14,2732,2670,2742,2628
2015-01-15,2670,2692,2696,2658
2015-01-16,2698,2682,2708,2650
2015-01-19,2676,2666,2684,2650
2015-01-20,2656,2644,2674,2638
2015-01-21,2650,2640,2662,2632
2015-01-22,2628,2632,2656,2612
2015-01-23,2632,2610,2640,2606
2015-01-26,2604,2560,2612,2544
2015-01-27,2560,2550,2576,2546
2015-01-28,2550,2594,2620,2546
2015-01-29,2602,2622,2626,2586
2015-01-30,2620,2600,2624,2596
2015-02-02,2602,2592,2716,2578
2015-02-03,2598,2586,2602,2582
2015-02-04,2590,2574,2606,2572
2015-02-05,2586,2578,2588,2564
2015-02-06,2578,2584,2594,2574
2015-02-09,2588,2574,2588,2566
2015-02-10,2570,2582,2586,2570
2015-02-11,2582,2602,2606,2578
2015-02-12,2606,2596,2610,2580
2015-02-13,2598,2610,2622,2586
2015-02-16,2608,2624,2646,2608
2015-02-17,2628,2612,2628,2602
2015-02-25,2614,2594,2614,2572
2015-02-26,2594,2610,2614,2588
2015-02-27,2614,2584,2620,2582
2015-03-02,2584,2594,2606,2570
2015-03-03,2592,2584,2602,2578
2015-03-04,2582,2590,2594,2578
2015-03-05,2590,2562,2590,2554
2015-03-06,2562,2548,2572,2544
2015-03-09,2548,2526,2562,2516
2015-03-10,2524,2498,2532,2494
2015-03-11,2482,2494,2508,2482
2015-03-12,2488,2510,2560,2484
2015-03-13,2512,2502,2526,2498
2015-03-16,2502,2528,2530,2496
2015-03-17,2518,2534,2536,2516
2015-03-18,2532,2504,2538,2498
2015-03-19,2502,2510,2524,2498
2015-03-20,2506,2510,2524,2506
2015-03-23,2510,2558,2568,2502
2015-03-24,2576,2554,2580,2546
2015-03-25,2552,2536,2566,2532
2015-03-26,2540,2518,2546,2514
2015-03-27,2512,2508,2520,2458
2015-03-30,2508,2488,2520,2474
2015-03-31,2490,2478,2506,2476
2015-04-01,2480,2452,2502,2448
2015-04-02,2452,2410,2460,2410
2015-04-03,2412,2398,2430,2392
2015-04-07,2394,2342,2410,2342
2015-04-08,2376,2392,2404,2354
2015-04-09,2382,2362,2388,2358
2015-04-10,2362,2348,2366,2344
2015-04-13,2346,2412,2420,2344
2015-04-14,2412,2406,2424,2390
2015-04-15,2408,2382,2414,2380
2015-04-16,2372,2396,2410,2372
2015-04-17,2398,2396,2414,2390
2015-04-20,2390,2366,2394,2364
2015-04-21,2364,2372,2376,2356
2015-04-22,2376,2422,2430,2370
2015-04-23,2424,2434,2436,2408
2015-04-24,2434,2490,2496,2434
2015-04-27,2500,2510,2516,2476
2015-04-28,2512,2498,2532,2492
2015-04-29,2497,2460,2519,2446
2015-04-30,2460,2487,2492,2454
2015-05-04,2493,2532,2545,2486
2015-05-05,2531,2561,2597,2528
2015-05-06,2561,2535,2567,2530
2015-05-07,2535,2495,2542,2491
2015-05-08,2496,2504,2510,2470
2015-05-11,2498,2515,2522,2497
2015-05-12,2510,2486,2522,2485
2015-05-13,2490,2487,2506,2481
2015-05-14,2487,2471,2492,2452
2015-05-15,2470,2471,2477,2460
2015-05-18,2470,2458,2482,2458
2015-05-19,2452,2443,2458,2434
2015-05-20,2435,2412,2443,2407
2015-05-21,2417,2439,2448,2412
2015-05-22,2440,2454,2475,2427
2015-05-25,2441,2455,2465,2425
2015-05-26,2453,2464,2490,2441
2015-05-27,2466,2470,2475,2454
2015-05-28,2456,2460,2481,2443
2015-05-29,2458,2460,2469,2436
2015-06-01,2463,2482,2497,2457
2015-06-02,2478,2478,2489,2467
2015-06-03,2477,2460,2481,2460
2015-06-04,2451,2459,2463,2447
2015-06-05,2462,2448,2466,2432
2015-06-08,2447,2440,2447,2431
2015-06-09,2436,2449,2460,2436
2015-06-10,2447,2460,2462,2445
2015-06-11,2462,2463,2473,2458
2015-06-12,2461,2401,2465,2392
2015-06-15,2391,2383,2416,2380
2015-06-16,2377,2348,2390,2346
2015-06-17,2346,2319,2353,2315
2015-06-18,2327,2336,2345,2320
2015-06-19,2335,2342,2360,2330
2015-06-23,2350,2329,2350,2310
2015-06-24,2333,2333,2339,2323
2015-06-25,2335,2296,2336,2294
2015-06-26,2280,2288,2312,2280
2015-06-29,2290,2269,2301,2264
2015-06-30,2267,2220,2269,2180
2015-07-01,2215,2204,2223,2202
2015-07-02,2192,2197,2206,2176
2015-07-03,2199,2207,2235,2192
2015-07-06,2204,2109,2207,2104
2015-07-07,2109,2041,2111,2038
2015-07-08,2041,1973,2089,1973
2015-07-09,1860,2063,2139,1860
2015-07-10,2072,2065,2112,2055
2015-07-13,2042,2030,2078,2004
2015-07-14,2040,2032,2055,2015
2015-07-15,2036,2015,2044,2010
2015-07-16,2015,2022,2055,1993
2015-07-17,2023,2030,2034,2015
2015-07-20,2030,2100,2108,2011
2015-07-21,2118,2063,2118,2053
2015-07-22,2065,2030,2077,2004
2015-07-23,2026,2036,2043,2011
2015-07-24,2035,2028,2049,2023
2015-07-27,2067,2083,2106,2028
2015-07-28,2067,2077,2105,2060
2015-07-29,2080,2096,2108,2077
2015-07-30,2100,2069,2101,2066
2015-07-31,2069,2063,2073,2052
2015-08-03,2059,2075,2116,2059
2015-08-04,2070,2099,2100,2062
2015-08-05,2105,2107,2111,2091
2015-08-06,2150,2100,2150,2089
2015-08-07,2098,2080,2099,2067
2015-08-10,2075,2076,2087,2060
2015-08-11,2075,2072,2091,2070
2015-08-12,2071,2085,2086,2021
2015-08-13,2089,2094,2116,2085
2015-08-14,2091,2102,2102,2083
2015-08-17,2106,2076,2112,2076
2015-08-18,2076,2075,2085,2072
2015-08-19,2072,2052,2076,2049
2015-08-20,2056,2036,2064,2030
2015-08-21,2041,2035,2047,2030
2015-08-24,2032,1941,2080,1936
2015-08-25,1934,1942,1975,1920
2015-08-26,1961,1948,1979,1948
2015-08-27,1950,1970,1985,1942
2015-08-28,1971,1978,2008,1967
2015-08-31,1981,1959,1982,1948
2015-09-01,1955,1965,1972,1952
2015-09-02,1962,1962,1969,1955
2015-09-07,1961,1936,1962,1856
2015-09-08,1926,1952,1952,1923
2015-09-09,1953,1956,1996,1953
2015-09-10,1958,1964,1972,1948
2015-09-11,1963,1961,1975,1960
2015-09-14,1958,1943,1962,1942
2015-09-15,1940,1919,1943,1916
2015-09-16,1920,1941,1947,1919
2015-09-17,1941,1939,1960,1936
2015-09-18,1942,1937,1946,1933
2015-09-21,1936,1923,1943,1909
2015-09-22,1923,1915,1933,1901
2015-09-23,1910,1921,1924,1900
2015-09-24,1920,1916,1933,1910
2015-09-25,1914,1916,1932,1909
2015-09-28,1910,1884,1916,1881
2015-09-29,1873,1864,1889,1852
2015-09-30,1865,1853,1872,1852
2015-10-08,1869,1853,1880,1840
2015-10-09,1855,1883,1892,1851
2015-10-12,1889,1881,1900,1866
2015-10-13,1884,1877,1884,1863
2015-10-14,1878,1877,1883,1870
2015-10-15,1878,1879,1886,1872
2015-10-16,1879,1870,1880,1865
2015-10-19,1868,1846,1872,1842
2015-10-20,1846,1850,1855,1843
2015-10-21,1850,1854,1859,1800
2015-10-22,1856,1848,1860,1848
2015-10-23,1847,1844,1855,1825
2015-10-26,1844,1836,1858,1833
2015-10-27,1835,1830,1837,1821
2015-10-28,1829,1819,1832,1812
2015-10-29,1820,1815,1834,1812
2015-10-30,1817,1819,1821,1810
2015-11-02,1822,1818,1828,1814
2015-11-03,1813,1789,1823,1788
2015-11-04,1788,1785,1796,1782
2015-11-05,1786,1770,1793,1768
2015-11-06,1776,1769,1777,1762
2015-11-09,1770,1790,1792,1764
2015-11-10,1790,1785,1794,1780
2015-11-11,1785,1771,1786,1768
2015-11-12,1773,1776,1779,1763
2015-11-13,1775,1770,1793,1770
2015-11-16,1768,1775,1786,1765
2015-11-17,1774,1780,1781,1772
2015-11-18,1780,1762,1783,1760
2015-11-19,1760,1731,1765,1723
2015-11-20,1732,1729,1740,1725
2015-11-23,1729,1705,1729,1687
2015-11-24,1705,1729,1733,1697
2015-11-25,1732,1744,1767,1723
2015-11-26,1736,1745,1774,1732
2015-11-27,1745,1720,1747,1705
2015-11-30,1710,1679,1720,1677
2015-12-01,1676,1692,1697,1675
2015-12-02,1690,1730,1735,1688
2015-12-03,1728,1709,1739,1704
2015-12-04,1710,1734,1739,1702
2015-12-07,1742,1742,1752,1725
2015-12-08,1739,1727,1743,1724
2015-12-09,1725,1731,1739,1721
2015-12-10,1731,1735,1740,1728
2015-12-11,1735,1758,1758,1726
2015-12-14,1756,1792,1792,1750
2015-12-15,1788,1782,1800,1780
2015-12-16,1781,1812,1818,1763
2015-12-17,1815,1830,1852,1808
2015-12-18,1831,1866,1867,1831
2015-12-21,1868,1900,1923,1866
2015-12-22,1913,1871,1914,1850
2015-12-23,1870,1849,1872,1835
2015-12-24,1850,1865,1886,1850
2015-12-25,1866,1873,1878,1857
2015-12-28,1869,1868,1879,1852
2015-12-29,1872,1911,1918,1870
2015-12-30,1913,1932,1944,1906
2015-12-31,1931,1949,1968,1931
2016-01-04,1980,1929,2000,1924
2016-01-05,1931,1958,1959,1913
2016-01-06,1958,1935,1960,1930
2016-01-07,1924,1924,1945,1902
2016-01-08,1910,1881,1920,1876
2016-01-11,1880,1877,1889,1865
2016-01-12,1874,1857,1881,1854
2016-01-13,1857,1857,1874,1850
2016-01-14,1856,1881,1887,1852
2016-01-15,1880,1898,1911,1875
2016-01-18,1896,1937,1948,1889
2016-01-19,1942,1949,1955,1933
2016-01-20,1950,1929,1952,1921
2016-01-21,1932,1923,1936,1916
2016-01-22,1923,1934,1960,1922
2016-01-25,1938,1938,1957,1930
2016-01-26,1941,1945,1947,1931
2016-01-27,1949,1945,1966,1935
2016-01-28,1946,1898,1946,1895
2016-01-29,1895,1909,1919,1890
2016-02-01,1911,1924,1945,1910
2016-02-02,1927,1918,1934,1912
2016-02-03,1919,1923,1935,1911
2016-02-04,1924,1964,1965,1922
2016-02-05,1963,1944,1972,1927
2016-02-15,1946,1956,1971,1932
2016-02-16,1955,1969,1986,1955
2016-02-17,1965,1961,1975,1955
2016-02-18,1964,1975,1978,1957
2016-02-19,1976,1992,1999,1970
2016-02-22,1992,2083,2083,1990
2016-02-23,2080,2058,2100,2047
2016-02-24,2058,2063,2064,2039
2016-02-25,2063,2053,2082,2045
2016-02-26,2060,2059,2069,2029
2016-02-29,2056,2089,2089,2044
2016-03-01,2090,2109,2127,2078
2016-03-02,2114,2110,2123,2087
2016-03-03,2110,2127,2140,2110
2016-03-04,2122,2174,2175,2119
2016-03-07,2172,2256,2256,2172
2016-03-08,2390,2390,2390,2249
2016-03-09,2370,2218,2377,2171
2016-03-10,2268,2252,2268,2231
2016-03-11,2268,2235,2290,2230
2016-03-14,2190,2200,2308,2184
2016-03-15,2195,2160,2218,2145
2016-03-16,2156,2181,2185,2150
2016-03-17,2190,2263,2268,2183
2016-03-18,2263,2322,2343,2263
2016-03-21,2325,2359,2410,2304
2016-03-22,2369,2357,2385,2348
2016-03-23,2355,2401,2428,2340
2016-03-24,2403,2327,2411,2308
2016-03-25,2323,2410,2410,2321
2016-03-28,2412,2346,2440,2342
2016-03-29,2359,2376,2392,2352
2016-03-30,2370,2343,2386,2331
2016-03-31,2348,2389,2389,2338
2016-04-01,2385,2483,2493,2385
2016-04-05,2500,2530,2540,2452
2016-04-06,2530,2505,2558,2496
2016-04-07,2506,2546,2560,2498
2016-04-08,2532,2574,2587,2530
2016-04-11,2581,2681,2714,2580
2016-04-12,2680,2719,2720,2660
2016-04-13,2550,2558,2640,2524
2016-04-14,2558,2508,2567,2491
2016-04-15,2514,2478,2518,2471
2016-04-18,2476,2581,2611,2459
2016-04-19,2601,2699,2699,2585
2016-04-20,2720,2833,2858,2716
2016-04-21,2830,2954,2959,2803
2016-04-22,2940,2817,2941,2796
2016-04-25,2800,2831,2969,2780
2016-04-26,2831,2685,2831,2685
2016-04-27,2700,2632,2709,2594
2016-04-28,2633,2692,2699,2600
2016-04-29,2696,2731,2765,2691
2016-05-03,2714,2574,2731,2572
2016-05-04,2562,2524,2578,2501
2016-05-05,2535,2458,2560,2450
2016-05-06,2455,2493,2496,2412
2016-05-09,2500,2308,2517,2308
2016-05-10,2253,2303,2325,2235
2016-05-11,2310,2304,2337,2267
2016-05-12,2315,2236,2317,2236
2016-05-13,2220,2195,2239,2155
2016-05-16,2199,2245,2280,2171
2016-05-17,2245,2312,2316,2225
2016-05-18,2312,2244,2322,2205
2016-05-19,2242,2231,2262,2209
2016-05-20,2226,2255,2265,2204
2016-05-23,2255,2123,2270,2107
2016-05-24,2123,2153,2167,2100
2016-05-25,2164,2105,2174,2099
2016-05-26,2101,2153,2155,2092
2016-05-27,2160,2259,2259,2141
2016-05-30,2264,2230,2283,2107
2016-05-31,2241,2201,2255,2196
2016-06-01,2200,2167,2200,2146
2016-06-02,2159,2153,2195,2150
2016-06-03,2150,2176,2201,2148
2016-06-06,2183,2256,2275,2170
2016-06-07,2271,2284,2305,2241
2016-06-08,2272,2300,2325,2238
2016-06-13,2295,2336,2379,2285
2016-06-14,2336,2256,2358,2255
2016-06-15,2240,2251,2285,2227
2016-06-16,2263,2252,2316,2250
2016-06-17,2242,2261,2265,2197
2016-06-20,2256,2237,2282,2226
2016-06-21,2238,2260,2298,2221
2016-06-22,2255,2314,2322,2250
2016-06-23,2308,2307,2330,2294
2016-06-24,2319,2297,2347,2262
2016-06-27,2301,2448,2448,2291
2016-06-28,2460,2443,2469,2405
2016-06-29,2449,2409,2465,2400
2016-06-30,2400,2502,2510,2400
2016-07-01,2504,2509,2539,2460
2016-07-04,2501,2566,2610,2501
2016-07-05,2590,2530,2596,2435
2016-07-06,2528,2518,2556,2452
2016-07-07,2503,2557,2634,2492
2016-07-08,2560,2594,2597,2510
2016-07-11,2635,2589,2649,2515
2016-07-12,2595,2699,2712,2574
2016-07-13,2701,2664,2745,2656
2016-07-14,2668,2659,2689,2612
2016-07-15,2659,2661,2700,2622
2016-07-18,2668,2495,2672,2495
2016-07-19,2471,2430,2490,2396
2016-07-20,2431,2463,2486,2427
2016-07-21,2457,2572,2599,2434
2016-07-22,2580,2495,2580,2485
2016-07-25,2491,2557,2586,2469
2016-07-26,2548,2604,2606,2526
2016-07-27,2607,2623,2670,2576
2016-07-28,2631,2674,2684,2615
2016-07-29,2670,2599,2681,2575
2016-08-01,2605,2700,2719,2572
2016-08-02,2708,2689,2708,2665
2016-08-03,2690,2673,2700,2644
2016-08-04,2670,2626,2686,2590
2016-08-05,2626,2710,2718,2622
2016-08-08,2710,2787,2800,2690
2016-08-09,2779,2752,2809,2714
2016-08-10,2749,2754,2799,2727
2016-08-11,2759,2760,2772,2701
2016-08-12,2758,2747,2765,2723
2016-08-15,2730,2733,2755,2677
2016-08-16,2730,2817,2865,2730
2016-08-17,2825,2790,2854,2787
2016-08-18,2782,2793,2830,2763
2016-08-19,2804,2786,2805,2741
2016-08-22,2795,2776,2813,2769
2016-08-23,2790,2839,2863,2762
2016-08-24,2843,2825,2848,2817
2016-08-25,2840,2823,2889,2752
2016-08-26,2808,2784,2845,2784
2016-08-29,2788,2830,2837,2735
2016-08-30,2830,2780,2848,2778
2016-08-31,2780,2734,2825,2725
2016-09-01,2620,2633,2652,2595
2016-09-02,2639,2652,2697,2620
2016-09-05,2660,2668,2709,2657
2016-09-06,2670,2643,2695,2630
2016-09-07,2643,2560,2652,2552
2016-09-08,2563,2587,2612,2558
2016-09-09,2583,2595,2609,2560
2016-09-12,2599,2542,2610,2528
2016-09-13,2540,2534,2582,2521
2016-09-14,2545,2552,2570,2520
2016-09-19,2500,2540,2557,2495
2016-09-20,2543,2548,2566,2517
2016-09-21,2548,2530,2561,2518
2016-09-22,2530,2567,2602,2526
2016-09-23,2579,2604,2606,2565
2016-09-26,2610,2619,2645,2600
2016-09-27,2623,2570,2623,2545
2016-09-28,2568,2585,2588,2552
2016-09-29,2585,2565,2638,2563
2016-09-30,2578,2541,2581,2532
2016-10-10,2571,2568,2579,2510
2016-10-11,2577,2675,2675,2570
2016-10-12,2674,2711,2725,2659
2016-10-13,2715,2696,2725,2668
2016-10-14,2690,2718,2742,2684
2016-10-17,2711,2738,2751,2700
2016-10-18,2740,2729,2744,2695
2016-10-19,2729,2756,2828,2729
2016-10-20,2744,2806,2817,2741
2016-10-21,2817,2791,2850,2750
2016-10-24,2791,2806,2811,2752
2016-10-25,2810,2884,2904,2806
2016-10-26,2895,2854,2915,2828
2016-10-27,2858,2849,2891,2818
2016-10-28,2853,2909,2919,2841
2016-10-31,2911,2969,2990,2880
2016-11-01,2970,3035,3079,2933
2016-11-02,3048,3064,3126,3045
2016-11-03,3076,3119,3122,3052
2016-11-04,3129,3125,3156,3099
2016-11-07,3148,3284,3316,3091
2016-11-08,3290,3220,3314,3165
2016-11-09,3251,3387,3413,3208
2016-11-10,3380,3346,3515,3301
2016-11-11,3346,3480,3496,3322
2016-11-14,3480,3350,3596,3290
2016-11-15,3350,3217,3405,3217
2016-11-16,3200,3205,3229,3100
2016-11-17,3209,3218,3236,3136
2016-11-18,3222,3179,3253,3150
2016-11-21,3181,3151,3207,3079
2016-11-22,3151,3342,3342,3151
2016-11-23,3353,3424,3453,3343
2016-11-24,3415,3399,3489,3336
2016-11-25,3395,3551,3606,3371
2016-11-28,3550,3620,3689,3491
2016-11-29,3597,3413,3649,3411
2016-11-30,3362,3247,3374,3247
2016-12-01,3260,3513,3550,3248
2016-12-02,3525,3494,3558,3385
2016-12-05,3488,3583,3625,3436
2016-12-06,3600,3642,3674,3570
2016-12-07,3640,3751,3850,3636
2016-12-08,3752,3760,3799,3654
2016-12-09,3770,3740,3795,3591
2016-12-12,3755,3770,3898,3696
2016-12-13,3778,3822,3837,3744
2016-12-14,3835,3722,3835,3676
2016-12-15,3725,3787,3805,3655
2016-12-16,3767,3676,3770,3676
2016-12-19,3666,3556,3695,3551
2016-12-20,3549,3574,3600,3511
2016-12-21,3583,3588,3623,3512
2016-12-22,3590,3415,3595,3410
2016-12-23,3405,3385,3464,3353
2016-12-26,3385,3299,3415,3220
2016-12-27,3302,3391,3400,3261
2016-12-28,3398,3405,3479,3361
2016-12-29,3407,3352,3424,3320
2016-12-30,3351,3305,3392,3283
2017-01-03,3309,3298,3401,3285
2017-01-04,3305,3370,3388,3263
2017-01-05,3370,3358,3420,3334
2017-01-06,3360,3273,3378,3256
2017-01-09,3275,3449,3465,3250
2017-01-10,3446,3562,3562,3415
2017-01-11,3566,3569,3595,3501
2017-01-12,3546,3592,3658,3542
2017-01-13,3595,3566,3627,3531
2017-01-16,3566,3721,3778,3550
2017-01-17,3730,3629,3758,3575
2017-01-18,3637,3622,3709,3597
2017-01-19,3612,3551,3635,3503
2017-01-20,3530,3452,3588,3451
2017-01-23,3430,3462,3505,3420
2017-01-24,3446,3585,3631,3446
2017-01-25,3612,3600,3612,3527
2017-01-26,3600,3660,3675,3591
2017-02-03,3656,3382,3660,3353
2017-02-06,3350,3385,3410,3340
2017-02-07,3390,3469,3485,3378
2017-02-08,3460,3533,3544,3430
2017-02-09,3511,3489,3575,3485
2017-02-10,3480,3620,3684,3464
2017-02-13,3639,3730,3734,3623
2017-02-14,3734,3728,3750,3670
2017-02-15,3724,3677,3742,3651
2017-02-16,3671,3653,3788,3628
2017-02-17,3653,3741,3755,3653
2017-02-20,3756,3762,3795,3708
2017-02-21,3773,3780,3844,3759
2017-02-22,3777,3679,3792,3647
2017-02-23,3666,3608,3708,3581
2017-02-24,3620,3591,3641,3470
2017-02-27,3595,3728,3755,3576
2017-02-28,3732,3549,3732,3545
2017-03-01,3551,3594,3641,3549
2017-03-02,3599,3579,3628,3555
2017-03-03,3585,3573,3586,3450
2017-03-06,3573,3467,3585,3431
2017-03-07,3449,3478,3500,3443
2017-03-08,3478,3423,3487,3402
2017-03-09,3420,3372,3427,3330
2017-03-10,3361,3423,3468,3361
2017-03-13,3426,3570,3580,3385
2017-03-14,3570,3538,3580,3501
2017-03-15,3520,3596,3640,3505
2017-03-16,3597,3578,3630,3519
2017-03-17,3570,3542,3608,3515
2017-03-20,3545,3533,3613,3520
2017-03-21,3525,3453,3535,3440
2017-03-22,3440,3358,3453,3340
2017-03-23,3361,3346,3406,3344
2017-03-24,3350,3353,3401,3298
2017-03-27,3183,3095,3352,3036
2017-03-28,3107,3086,3150,3076
2017-03-29,3090,3213,3238,3090
2017-03-30,3202,3191,3242,3170
2017-03-31,3186,3165,3260,3135
2017-04-05,3200,3170,3258,3158
2017-04-06,3174,3161,3212,3124
2017-04-07,3152,3078,3153,3027
2017-04-10,3075,3068,3114,3049
2017-04-11,3042,3030,3077,3010
2017-04-12,3023,2913,3031,2903
2017-04-13,2910,2954,2992,2892
2017-04-14,2960,2984,3044,2957
2017-04-17,2987,2973,3039,2930
2017-04-18,2970,2881,2982,2870
2017-04-19,2880,2893,2926,2870
2017-04-20,2895,2930,2950,2801
2017-04-21,2935,2961,2996,2900
2017-04-24,2961,2956,2967,2881
2017-04-25,2950,2992,3012,2932
2017-04-26,2984,3020,3085,2973
2017-04-27,3016,3063,3063,3001
2017-04-28,3060,3149,3151,3060
2017-05-02,3175,3142,3196,3118
2017-05-03,3148,3112,3150,3081
2017-05-04,3088,2891,3096,2891
2017-05-05,2904,2887,2915,2845
2017-05-08,2905,2931,2983,2881
2017-05-09,2925,2895,2935,2861
2017-05-10,2894,2930,2952,2885
2017-05-11,2935,2952,2969,2855
2017-05-12,2952,2840,2956,2839
2017-05-15,2852,2916,2956,2844
2017-05-16,2927,2916,2932,2877
2017-05-17,2916,3037,3050,2915
2017-05-18,3044,3048,3065,2998
2017-05-19,3018,3117,3129,2991
2017-05-22,3137,3170,3229,3110
2017-05-23,3172,3153,3187,3134
2017-05-24,3152,3128,3200,3075
2017-05-25,3156,3133,3211,3118
2017-05-26,3135,3116,3152,3052
2017-05-31,3135,3037,3185,3033
2017-06-01,3040,3021,3058,2981
2017-06-02,3026,3012,3050,2982
2017-06-05,3003,2936,3025,2925
2017-06-06,2930,2938,2961,2906
2017-06-07,2944,2957,2972,2932
2017-06-08,2958,2974,3016,2921
2017-06-09,2976,3074,3080,2969
2017-06-12,3076,3104,3148,3062
2017-06-13,3108,3006,3119,3006
2017-06-14,3001,3120,3123,2972
2017-06-15,3123,3185,3199,3067
2017-06-16,3179,3164,3238,3147
2017-06-19,3169,3236,3273,3158
2017-06-20,3239,3228,3255,3204
2017-06-21,3219,3197,3227,3164
2017-06-22,3205,3194,3269,3185
2017-06-23,3204,3238,3242,3181
2017-06-26,3240,3288,3305,3217
2017-06-27,3288,3350,3357,3271
2017-06-28,3355,3389,3411,3351
2017-06-29,3395,3377,3429,3354
2017-06-30,3368,3383,3398,3339
2017-07-03,3362,3460,3468,3362
2017-07-04,3450,3391,3477,3377
2017-07-05,3395,3430,3483,3393
2017-07-06,3416,3414,3424,3330
2017-07-07,3414,3444,3455,3366
2017-07-10,3439,3452,3489,3423
2017-07-11,3450,3569,3605,3438
2017-07-12,3558,3590,3627,3558
2017-07-13,3595,3680,3684,3577
2017-07-14,3670,3598,3676,3562
2017-07-17,3591,3698,3725,3589
2017-07-18,3691,3657,3709,3643
2017-07-19,3678,3731,3745,3663
2017-07-20,3730,3617,3732,3605
2017-07-21,3627,3629,3653,3566
2017-07-24,3636,3586,3650,3538
2017-07-25,3593,3631,3645,3572
2017-07-26,3637,3644,3717,3618
2017-07-27,3634,3666,3674,3580
2017-07-28,3668,3660,3705,3626
2017-07-31,3669,3802,3815,3658
2017-08-01,3796,3766,3828,3758
2017-08-02,3777,3797,3817,3744
2017-08-03,3791,3809,3849,3775
2017-08-04,3812,3897,3912,3798
2017-08-07,3893,4030,4088,3882
2017-08-08,4028,4010,4099,3972
2017-08-09,3942,4068,4103,3906
2017-08-10,4059,4028,4114,3984
2017-08-11,4005,3937,4075,3908
2017-08-14,3945,3876,3973,3857
2017-08-15,3863,3840,3883,3775
2017-08-16,3833,3829,3880,3816
2017-08-17,3843,3942,3993,3841
2017-08-18,3933,4021,4037,3916
2017-08-21,4010,4068,4109,3943
2017-08-22,4051,4047,4087,3993
2017-08-23,4037,3865,4037,3798
2017-08-24,3865,3962,3979,3840
2017-08-25,3948,4050,4144,3942
2017-08-28,4050,4081,4109,3936
2017-08-29,4086,4054,4117,4004
2017-08-30,4060,4068,4093,3985
2017-08-31,4050,4072,4075,3941
2017-09-01,4058,4251,4251,4046
2017-09-04,4255,4284,4400,4245
2017-09-05,4280,4338,4362,4273
2017-09-06,4339,4222,4386,4215
2017-09-07,4230,4217,4269,4193
2017-09-08,4209,4151,4296,4128
2017-09-11,4150,4161,4180,4074
2017-09-12,4161,4177,4198,4087
2017-09-13,4180,4119,4220,4098
2017-09-14,4125,4078,4174,4051
2017-09-15,4080,4065,4109,4033
2017-09-18,4074,4046,4092,3986
2017-09-19,4041,3982,4079,3980
2017-09-20,3979,3993,4028,3928
2017-09-21,4003,3890,4049,3885
2017-09-22,3899,3765,3899,3740
2017-09-25,3785,3820,3838,3757
2017-09-26,3820,3846,3870,3808
2017-09-27,3850,3919,3930,3843
2017-09-28,3927,3880,3972,3822
2017-09-29,3883,3978,3978,3788
2017-10-09,4030,4007,4100,3970
2017-10-10,4000,3850,4016,3850
2017-10-11,3851,3814,3900,3809
2017-10-12,3820,4002,4028,3800
2017-10-13,4000,4128,4128,3973
2017-10-16,4148,4170,4239,4126
2017-10-17,4170,4049,4180,4022
2017-10-18,4050,4035,4096,4010
2017-10-19,4035,3916,4038,3892
2017-10-20,3916,4113,4114,3888
2017-10-23,4109,4040,4110,3951
2017-10-24,4030,4078,4112,4000
2017-10-25,4088,4053,4148,4013
2017-10-26,4033,3946,4046,3932
2017-10-27,3940,3834,3955,3818
2017-10-30,3837,3836,3883,3810
2017-10-31,3836,3886,3939,3824
2017-11-01,3884,3785,3895,3783
2017-11-02,3791,3831,3882,3759
2017-11-03,3830,3823,3900,3809
2017-11-06,3830,3970,3980,3824
2017-11-07,3975,3924,3993,3906
2017-11-08,3920,3930,3954,3872
2017-11-09,3938,3942,4012,3908
2017-11-10,3945,4011,4025,3918
2017-11-13,4014,4059,4083,3991
2017-11-14,4055,4079,4103,4030
2017-11-15,4079,4036,4110,3985
2017-11-16,4047,4019,4058,4004
2017-11-17,4029,3934,4038,3933
2017-11-20,3930,3990,3994,3926
2017-11-21,3974,4017,4042,3974
2017-11-22,4023,4045,4058,3996
2017-11-23,4053,3992,4070,3970
2017-11-24,3996,3985,3996,3941
2017-11-27,3863,3840,3929,3824
2017-11-28,3841,3917,3935,3838
2017-11-29,3921,3973,3989,3872
2017-11-30,3976,3968,4046,3957
2017-12-01,3970,3989,4012,3938
2017-12-04,3988,4074,4108,3961
2017-12-05,4075,4050,4102,4026
2017-12-06,4048,3932,4054,3913
2017-12-07,3931,3832,3955,3764
2017-12-08,3832,3923,3942,3829
2017-12-11,3935,3921,3984,3888
2017-12-12,3917,3914,3990,3891
2017-12-13,3919,3864,3919,3842
2017-12-14,3874,3863,3915,3840
2017-12-15,3860,3926,3940,3853
2017-12-18,3930,3942,3996,3865
2017-12-19,3938,3828,3943,3821
2017-12-20,3830,3840,3876,3806
2017-12-21,3856,3881,3924,3840
2017-12-22,3880,3970,3980,3870
2017-12-25,3978,3829,3979,3826
2017-12-26,3825,3870,3881,3819
2017-12-27,3868,3857,3899,3844
2017-12-28,3850,3848,3870,3816
2017-12-29,3833,3846,3898,3825
2018-01-02,3850,3927,3940,3842
2018-01-03,3931,3864,3934,3861
2018-01-04,3857,3877,3897,3845
2018-01-05,3878,3842,3878,3791
2018-01-08,3839,3864,3865,3770
2018-01-09,3860,3862,3894,3852
2018-01-10,3860,3880,3906,3830
2018-01-11,3888,3874,3908,3857
2018-01-12,3877,3831,3886,3814
2018-01-15,3820,3837,3848,3791
2018-01-16,3836,3822,3879,3820
2018-01-17,3820,3843,3865,3812
2018-01-18,3837,3861,3873,3829
2018-01-19,3863,3923,3928,3818
2018-01-22,3923,3898,3945,3883
2018-01-23,3901,3903,3920,3871
2018-01-24,3903,3939,3943,3883
2018-01-25,3936,3973,4009,3920
2018-01-26,3970,3962,3987,3936
2018-01-29,3961,3964,3977,3940
2018-01-30,3970,3939,3970,3913
2018-01-31,3944,3934,3994,3908
2018-02-01,3940,3972,4000,3935
2018-02-02,3964,4033,4041,3956
2018-02-05,4033,4028,4045,3992
2018-02-06,4030,4010,4050,3994
2018-02-07,4017,4012,4027,3982
2018-02-08,4006,4027,4040,4000
2018-02-09,4031,3958,4042,3949
2018-02-12,3957,3973,3985,3945
2018-02-13,3965,3985,4008,3958
2018-02-14,3976,3984,4002,3968
2018-02-22,3978,3927,4000,3906
2018-02-23,3918,3972,3983,3888
2018-02-26,3982,4080,4084,3970
2018-02-27,4085,4099,4102,4039
2018-02-28,4089,4087,4105,4071
2018-03-01,4078,4094,4124,4077
2018-03-02,4082,4120,4124,4065
2018-03-05,4114,4047,4115,4037
2018-03-06,4046,4042,4061,4016
2018-03-07,4040,3946,4049,3945
2018-03-08,3946,3883,3970,3880
2018-03-09,3875,3803,3896,3760
2018-03-12,3840,3821,3851,3785
2018-03-13,3825,3811,3850,3792
2018-03-14,3820,3856,3872,3772
2018-03-15,3864,3862,3879,3833
2018-03-16,3860,3877,3902,3836
2018-03-19,3878,3815,3888,3780
2018-03-20,3810,3816,3847,3786
2018-03-21,3813,3735,3849,3725
2018-03-22,3737,3747,3768,3706
2018-03-23,3743,3536,3743,3513
2018-03-26,3536,3513,3590,3491
2018-03-27,3520,3587,3626,3507
2018-03-28,3593,3579,3628,3539
2018-03-29,3582,3631,3639,3562
2018-03-30,3633,3726,3729,3611
2018-04-02,3711,3712,3795,3682
2018-04-03,3718,3698,3755,3671
2018-04-04,3705,3713,3743,3688
2018-04-09,3707,3782,3785,3707
2018-04-10,3516,3531,3552,3496
2018-04-11,3540,3479,3554,3466
2018-04-12,3482,3510,3529,3460
2018-04-13,3500,3549,3562,3474
2018-04-16,3545,3459,3566,3445
2018-04-17,3464,3501,3548,3452
2018-04-18,3537,3577,3617,3508
2018-04-19,3597,3620,3642,3580
2018-04-20,3610,3587,3624,3573
2018-04-23,3590,3680,3690,3589
2018-04-24,3660,3675,3708,3660
2018-04-25,3684,3677,3702,3651
2018-04-26,3690,3671,3720,3642
2018-04-27,3670,3698,3708,3657
2018-05-02,3720,3801,3806,3720
2018-05-03,3804,3737,3807,3724
2018-05-04,3737,3737,3755,3714
2018-05-07,3730,3745,3775,3707
2018-05-08,3748,3734,3764,3726
2018-05-09,3726,3676,3730,3666
2018-05-10,3677,3716,3718,3669
2018-05-11,3722,3767,3783,3721
2018-05-14,3777,3769,3786,3746
2018-05-15,3775,3796,3818,3745
2018-05-16,3791,3810,3850,3776
2018-05-17,3812,3847,3854,3792
2018-05-18,3857,3800,3870,3791
2018-05-21,3802,3755,3836,3743
2018-05-22,3760,3762,3796,3744
2018-05-23,3760,3709,3764,3679
2018-05-24,3701,3773,3773,3695
2018-05-25,3788,3764,3829,3743
2018-05-28,3752,3786,3830,3749
2018-05-29,3786,3851,3870,3776
2018-05-30,3852,3867,3893,3832
2018-05-31,3861,3901,3920,3851
2018-06-01,3892,3901,3964,3887
2018-06-04,3902,3867,3928,3851
2018-06-05,3856,3909,3910,3836
2018-06-06,3920,3918,3940,3885
2018-06-07,3920,3943,3999,3913
2018-06-08,3946,3936,3958,3915
2018-06-11,3941,3936,3958,3894
2018-06-12,3937,3976,3976,3904
2018-06-13,3985,3963,4008,3950
2018-06-14,3966,3979,3985,3951
2018-06-15,3972,3968,3993,3940
2018-06-19,3930,3847,3938,3822
2018-06-20,3843,3909,3914,3834
2018-06-21,3902,3872,3932,3868
2018-06-22,3872,3870,3885,3850
2018-06-25,3890,3849,3890,3834
2018-06-26,3847,3805,3849,3783
2018-06-27,3801,3831,3858,3796
2018-06-28,3835,3875,3890,3835
2018-06-29,3869,3926,3930,3869
2018-07-02,3922,3861,3925,3850
2018-07-03,3865,3869,3880,3832
2018-07-04,3869,3890,3920,3861
2018-07-05,3899,3852,3908,3831
2018-07-06,3851,3851,3893,3803
2018-07-09,3855,3898,3900,3823
2018-07-10,3907,3938,3950,3907
2018-07-11,3940,3952,3970,3900
2018-07-12,3959,4023,4034,3948
2018-07-13,4015,4025,4050,4008
2018-07-16,4015,4056,4079,3999
2018-07-17,4051,4046,4054,4001
2018-07-18,4042,4035,4048,4020
2018-07-19,4042,4019,4099,4017
2018-07-20,4019,4061,4076,4011
2018-07-23,4057,4080,4092,4040
2018-07-24,4080,4051,4095,4048
2018-07-25,4051,4101,4110,4051
2018-07-26,4095,4094,4099,4061
2018-07-27,4084,4199,4210,4084
2018-07-30,4195,4172,4200,4160
2018-07-31,4177,4211,4229,4170
2018-08-01,4211,4179,4266,4175
2018-08-02,4170,4169,4180,4125
2018-08-03,4159,4221,4224,4159
2018-08-06,4222,4238,4244,4155
2018-08-07,4244,4249,4287,4229
2018-08-08,4250,4209,4261,4197
2018-08-09,4200,4220,4243,4159
2018-08-10,4226,4171,4234,4168
2018-08-13,4172,4273,4278,4160
2018-08-14,4277,4227,4279,4212
2018-08-15,4227,4238,4256,4209
2018-08-16,4229,4187,4246,4168
2018-08-17,4197,4261,4294,4188
2018-08-20,4196,4324,4337,4142
2018-08-21,4310,4282,4369,4257
2018-08-22,4278,4263,4346,4258
2018-08-23,4280,4226,4297,4216
2018-08-24,4226,4304,4307,4211
2018-08-27,4303,4197,4303,4180
2018-08-28,4197,4265,4271,4190
2018-08-29,4270,4184,4278,4176
2018-08-30,4178,4146,4187,4107
2018-08-31,4145,4064,4153,4040
2018-09-03,4064,4108,4119,4051
2018-09-04,4110,4136,4150,4074
2018-09-05,4139,4094,4140,4068
2018-09-06,4101,4140,4143,4093
2018-09-07,4150,4114,4234,4101
2018-09-10,4114,4164,4199,4110
2018-09-11,4154,3969,4154,3957
2018-09-12,3988,3980,4022,3913
2018-09-13,3971,4013,4030,3958
2018-09-14,4010,3992,4024,3971
2018-09-17,3993,3969,4038,3951
2018-09-18,3974,4021,4035,3947
2018-09-19,4057,3982,4060,3969
2018-09-20,3990,3978,4026,3952
2018-09-21,3977,4013,4018,3957
2018-09-25,4020,3952,4023,3931
2018-09-26,3950,3929,3965,3885
2018-09-27,3934,3886,3969,3880
2018-09-28,3882,3869,3886,3803
2018-10-08,3880,3891,3898,3834
2018-10-09,3891,3947,3953,3881
2018-10-10,3949,3939,3982,3920
2018-10-11,3930,3909,3932,3831
2018-10-12,3911,3931,3959,3875
2018-10-15,3926,3968,3986,3901
2018-10-16,3973,3947,3977,3920
2018-10-17,3945,3975,3985,3910
2018-10-18,3980,3854,3988,3852
2018-10-19,3850,3860,3895,3833
2018-10-22,3866,3901,3930,3859
2018-10-23,3905,3873,3910,3862
2018-10-24,3860,3923,3925,3854
2018-10-25,3925,3948,3956,3883
2018-10-26,3950,3927,3968,3909
2018-10-29,3930,3835,3940,3813
2018-10-30,3838,3844,3892,3836
2018-10-31,3835,3802,3855,3751
2018-11-01,3804,3667,3819,3655
2018-11-02,3680,3744,3754,3661
2018-11-05,3732,3773,3775,3717
2018-11-06,3770,3719,3786,3704
2018-11-07,3718,3713,3750,3681
2018-11-08,3713,3720,3740,3650
2018-11-09,3717,3635,3726,3630
2018-11-12,3630,3605,3651,3561
2018-11-13,3601,3611,3630,3585
2018-11-14,3592,3617,3628,3560
2018-11-15,3616,3622,3639,3553
2018-11-16,3617,3624,3658,3596
2018-11-19,3614,3615,3653,3586
2018-11-20,3610,3571,3626,3563
2018-11-21,3548,3616,3620,3492
2018-11-22,3620,3591,3638,3586
2018-11-23,3580,3477,3592,3476
2018-11-26,3457,3392,3503,3350
2018-11-27,3401,3389,3489,3370
2018-11-28,3151,3201,3225,3141
2018-11-29,3201,3209,3245,3184
2018-11-30,3210,3173,3225,3123
2018-12-03,3180,3235,3376,3120
2018-12-04,3230,3276,3292,3200
2018-12-05,3300,3373,3373,3278
2018-12-06,3392,3309,3392,3298
2018-12-07,3292,3345,3365,3265
2018-12-10,3345,3281,3352,3274
2018-12-11,3276,3309,3312,3247
2018-12-12,3330,3316,3350,3309
2018-12-13,3313,3470,3485,3312
2018-12-14,3464,3444,3467,3427
2018-12-17,3437,3439,3471,3415
2018-12-18,3432,3433,3454,3406
2018-12-19,3430,3448,3476,3423
2018-12-20,3451,3459,3484,3435
2018-12-21,3488,3467,3509,3440
2018-12-24,3477,3425,3480,3413
2018-12-25,3418,3375,3423,3343
2018-12-26,3375,3368,3385,3356
2018-12-27,3378,3335,3407,3316
2018-12-28,3326,3345,3360,3325
2019-01-02,3330,3294,3360,3282
2019-01-03,3286,3350,3359,3285
2019-01-04,3347,3363,3378,3324
2019-01-07,3374,3411,3415,3353
2019-01-08,3405,3403,3413,3388
2019-01-09,3410,3421,3453,3394
2019-01-10,3422,3421,3440,3410
2019-01-11,3420,3438,3440,3400
2019-01-14,3438,3459,3463,3419
2019-01-15,3454,3416,3458,3402
2019-01-16,3422,3435,3442,3408
2019-01-17,3436,3458,3470,3433
2019-01-18,3450,3518,3525,3441
2019-01-21,3519,3515,3539,3501
2019-01-22,3535,3546,3615,3512
2019-01-23,3555,3559,3571,3537
2019-01-24,3560,3590,3596,3555
2019-01-25,3590,3608,3650,3586
2019-01-28,3610,3588,3650,3583
2019-01-29,3588,3589,3600,3561
2019-01-30,3596,3582,3660,3573
2019-01-31,3587,3610,3612,3576
2019-02-01,3609,3648,3650,3600
2019-02-11,3756,3709,3840,3707
2019-02-12,3696,3674,3718,3660
2019-02-13,3670,3608,3697,3601
2019-02-14,3610,3606,3626,3574
2019-02-15,3604,3535,3615,3531
2019-02-18,3546,3624,3632,3546
2019-02-19,3635,3638,3686,3624
2019-02-20,3638,3657,3668,3580
2019-02-21,3656,3671,3693,3642
2019-02-22,3666,3706,3713,3658
2019-02-25,3725,3678,3745,3676
2019-02-26,3672,3744,3767,3663
2019-02-27,3749,3734,3762,3708
2019-02-28,3750,3778,3780,3718
2019-03-01,3778,3825,3825,3768
2019-03-04,3830,3791,3835,3772
2019-03-05,3796,3777,3800,3750
2019-03-06,3781,3708,3810,3706
2019-03-07,3715,3752,3772,3707
2019-03-08,3754,3712,3755,3690
2019-03-11,3687,3692,3717,3660
2019-03-12,3700,3776,3780,3699
2019-03-13,3780,3731,3793,3727
2019-03-14,3719,3713,3768,3702
2019-03-15,3713,3673,3725,3654
2019-03-18,3678,3697,3730,3670
2019-03-19,3698,3699,3734,3681
2019-03-20,3711,3688,3741,3676
2019-03-21,3689,3692,3733,3689
2019-03-22,3685,3712,3719,3670
2019-03-25,3702,3659,3715,3654
2019-03-26,3668,3662,3678,3641
2019-03-27,3664,3675,3682,3651
2019-03-28,3673,3675,3714,3655
2019-03-29,3670,3741,3750,3661
2019-04-01,3749,3778,3785,3728
2019-04-02,3770,3771,3788,3747
2019-04-03,3770,3825,3830,3758
2019-04-04,3820,3846,3849,3806
2019-04-08,3860,3944,3962,3855
2019-04-09,3670,3681,3720,3655
2019-04-10,3670,3690,3698,3648
2019-04-11,3690,3703,3707,3656
2019-04-12,3705,3693,3739,3645
2019-04-15,3714,3752,3763,3705
2019-04-16,3760,3695,3760,3688
2019-04-17,3694,3719,3722,3674
2019-04-18,3715,3646,3715,3637
2019-04-19,3659,3686,3694,3633
2019-04-22,3692,3708,3756,3690
2019-04-23,3710,3692,3730,3691
2019-04-24,3687,3679,3694,3662
2019-04-25,3677,3648,3718,3644
2019-04-26,3646,3679,3690,3646
2019-04-29,3690,3714,3715,3672
2019-04-30,3719,3789,3798,3718
2019-05-06,3725,3714,3748,3688
2019-05-07,3712,3732,3777,3707
2019-05-08,3726,3687,3726,3675
2019-05-09,3667,3669,3687,3633
2019-05-10,3660,3682,3690,3654
2019-05-13,3682,3611,3693,3611
2019-05-14,3605,3595,3629,3580
2019-05-15,3591,3637,3645,3580
2019-05-16,3637,3652,3663,3617
2019-05-17,3654,3682,3705,3654
2019-05-20,3680,3646,3695,3612
2019-05-21,3642,3765,3775,3637
2019-05-22,3764,3757,3809,3722
2019-05-23,3757,3725,3759,3715
2019-05-24,3710,3726,3735,3648
2019-05-27,3735,3666,3759,3665
2019-05-28,3662,3669,3695,3641
2019-05-29,3665,3670,3686,3640
2019-05-30,3660,3640,3689,3630
2019-05-31,3637,3625,3657,3617
2019-06-03,3616,3577,3651,3569
2019-06-04,3582,3609,3618,3557
2019-06-05,3610,3607,3622,3578
2019-06-06,3600,3597,3611,3535
2019-06-10,3570,3576,3597,3529
2019-06-11,3568,3655,3668,3560
2019-06-12,3660,3620,3679,3615
2019-06-13,3619,3637,3649,3602
2019-06-14,3650,3628,3664,3623
2019-06-17,3627,3585,3634,3570
2019-06-18,3580,3601,3604,3558
2019-06-19,3606,3653,3669,3588
2019-06-20,3630,3711,3720,3621
2019-06-21,3703,3760,3761,3672
2019-06-24,3755,3846,3928,3740
2019-06-25,3866,3913,3935,3866
2019-06-26,3923,3916,3944,3896
2019-06-27,3916,3897,3998,3889
2019-06-28,3900,3953,3958,3898
2019-07-01,3969,3983,4049,3947
2019-07-02,3980,3918,3981,3882
2019-07-03,3914,3910,3960,3867
2019-07-04,3910,3892,3932,3864
2019-07-05,3887,3858,3929,3835
2019-07-08,3860,3871,3884,3846
2019-07-09,3870,3910,3965,3868
2019-07-10,3908,3884,3920,3868
2019-07-11,3880,3874,3899,3845
2019-07-12,3880,3837,3881,3828
2019-07-15,3842,3898,3898,3802
2019-07-16,3895,3898,3919,3883
2019-07-17,3896,3921,3934,3874
2019-07-18,3915,3861,3929,3860
2019-07-19,3860,3904,3908,3845
2019-07-22,3910,3863,3915,3848
2019-07-23,3867,3866,3919,3861
2019-07-24,3860,3827,3861,3791
2019-07-25,3821,3866,3875,3815
2019-07-26,3875,3846,3888,3834
2019-07-29,3844,3797,3854,3795
2019-07-30,3794,3785,3819,3777
2019-07-31,3771,3806,3840,3765
2019-08-01,3800,3781,3822,3781
2019-08-02,3783,3746,3785,3677
2019-08-05,3740,3688,3760,3675
2019-08-06,3686,3658,3705,3655
2019-08-07,3654,3657,3685,3633
2019-08-08,3657,3643,3699,3621
2019-08-09,3650,3598,3663,3548
2019-08-12,3598,3686,3688,3581
2019-08-13,3690,3660,3710,3649
2019-08-14,3663,3695,3732,3659
2019-08-15,3697,3722,3733,3691
2019-08-16,3716,3730,3747,3700
2019-08-19,3730,3745,3745,3708
2019-08-20,3750,3709,3769,3696
2019-08-21,3705,3720,3720,3660
2019-08-22,3715,3714,3727,3684
2019-08-23,3712,3724,3737,3709
2019-08-26,3715,3660,3731,3645
2019-08-27,3657,3561,3657,3560
2019-08-28,3566,3588,3596,3515
2019-08-29,3598,3563,3620,3558
2019-08-30,3359,3407,3410,3357
2019-09-02,3403,3460,3464,3367
2019-09-03,3450,3454,3469,3425
2019-09-04,3450,3465,3481,3426
2019-09-05,3465,3442,3497,3442
2019-09-06,3441,3394,3453,3390
2019-09-09,3423,3528,3537,3420
2019-09-10,3533,3522,3552,3505
2019-09-11,3522,3515,3537,3500
2019-09-12,3520,3568,3568,3494
2019-09-16,3581,3564,3581,3540
2019-09-17,3560,3529,3570,3516
2019-09-18,3532,3510,3551,3508
2019-09-19,3500,3428,3506,3414
2019-09-20,3411,3400,3431,3384
2019-09-23,3400,3509,3516,3395
2019-09-24,3510,3501,3547,3494
2019-09-25,3510,3511,3534,3505
2019-09-26,3512,3460,3528,3448
2019-09-27,3468,3443,3476,3433
2019-09-30,3445,3463,3527,3441
2019-10-08,3455,3416,3462,3410
2019-10-09,3421,3428,3441,3377
2019-10-10,3445,3399,3445,3380
2019-10-11,3401,3372,3403,3345
2019-10-14,3375,3344,3402,3343
2019-10-15,3341,3331,3347,3294
2019-10-16,3341,3287,3342,3276
2019-10-17,3297,3312,3320,3277
2019-10-18,3315,3300,3318,3254
2019-10-21,3300,3285,3311,3280
2019-10-22,3290,3313,3318,3280
2019-10-23,3318,3315,3340,3297
2019-10-24,3320,3356,3363,3310
2019-10-25,3353,3360,3366,3321
2019-10-28,3361,3341,3378,3333
2019-10-29,3336,3359,3364,3324
2019-10-30,3355,3365,3368,3328
2019-10-31,3370,3351,3389,3344
2019-11-01,3350,3358,3358,3321
2019-11-04,3357,3347,3364,3331
2019-11-05,3347,3385,3388,3333
2019-11-06,3391,3393,3412,3385
2019-11-07,3398,3364,3402,3358
2019-11-08,3370,3354,3370,3341
2019-11-11,3345,3321,3348,3303
2019-11-12,3321,3380,3380,3313
2019-11-13,3380,3377,3392,3361
2019-11-14,3382,3467,3476,3368
2019-11-15,3471,3484,3495,3463
2019-11-18,3489,3471,3492,3446
2019-11-19,3463,3501,3508,3463
2019-11-20,3503,3529,3567,3502
2019-11-21,3540,3496,3548,3485
2019-11-22,3501,3531,3549,3493
2019-11-25,3550,3582,3596,3522
2019-11-26,3573,3533,3578,3507
2019-11-27,3529,3522,3545,3510
2019-11-28,3522,3555,3565,3506
2019-11-29,3549,3556,3578,3527
2019-12-02,3551,3609,3622,3522
2019-12-03,3615,3578,3618,3576
2019-12-04,3574,3600,3619,3557
2019-12-05,3603,3619,3647,3603
2019-12-06,3618,3621,3638,3600
2019-12-09,3620,3677,3700,3609
2019-12-10,3677,3685,3694,3660
2019-12-11,3693,3735,3747,3676
2019-12-12,3740,3784,3786,3728
2019-12-13,3779,3732,3784,3727
2019-12-16,3563,3523,3599,3513
2019-12-17,3528,3540,3544,3504
2019-12-18,3535,3538,3560,3527
2019-12-19,3558,3544,3582,3524
2019-12-20,3545,3526,3565,3518
2019-12-23,3526,3572,3586,3524
2019-12-24,3570,3553,3577,3534
2019-12-25,3555,3521,3565,3521
2019-12-26,3519,3557,3559,3505
2019-12-27,3554,3564,3577,3547
2019-12-30,3559,3566,3579,3553
2019-12-31,3559,3592,3614,3551
2020-01-02,3601,3571,3620,3566
2020-01-03,3572,3560,3589,3557
2020-01-06,3561,3579,3583,3551
2020-01-07,3579,3588,3598,3576
2020-01-08,3593,3643,3651,3589
2020-01-09,3648,3585,3648,3585
2020-01-10,3586,3600,3612,3586
2020-01-13,3600,3564,3600,3561
2020-01-14,3582,3596,3598,3550
2020-01-15,3598,3575,3616,3574
2020-01-16,3570,3591,3616,3570
2020-01-17,3599,3635,3646,3586
2020-01-20,3644,3634,3655,3623
2020-01-21,3645,3593,3645,3572
2020-01-22,3584,3569,3588,3519
2020-01-23,3544,3521,3559,3507
2020-02-03,3246,3246,3300,3246
2020-02-04,3231,3312,3340,3226
2020-02-05,3310,3309,3328,3287
2020-02-06,3307,3307,3316,3283
2020-02-07,3311,3320,3335,3292
2020-02-10,3300,3311,3324,3281
2020-02-11,3306,3378,3464,3305
2020-02-12,3389,3401,3408,3368
2020-02-13,3396,3396,3417,3383
2020-02-14,3390,3410,3414,3374
2020-02-17,3395,3430,3439,3392
2020-02-18,3430,3414,3439,3406
2020-02-19,3414,3405,3420,3390
2020-02-20,3402,3455,3475,3401
2020-02-21,3455,3484,3488,3451
2020-02-24,3499,3490,3512,3462
2020-02-25,3451,3490,3499,3441
2020-02-26,3480,3461,3487,3445
2020-02-27,3466,3437,3470,3424
2020-02-28,3420,3377,3420,3353
2020-03-02,3410,3469,3486,3360
2020-03-03,3485,3457,3500,3447
2020-03-04,3455,3491,3495,3443
2020-03-05,3491,3483,3518,3476
2020-03-06,3471,3461,3488,3457
2020-03-09,3425,3466,3469,3380
2020-03-10,3446,3480,3499,3446
2020-03-11,3492,3484,3527,3478
2020-03-12,3489,3503,3504,3452
2020-03-13,3483,3535,3537,3452
2020-03-16,3548,3506,3551,3492
2020-03-17,3490,3498,3503,3470
2020-03-18,3510,3466,3537,3444
2020-03-19,3430,3429,3466,3280
2020-03-20,3443,3368,3453,3332
2020-03-23,3278,3257,3326,3233
2020-03-24,3269,3329,3334,3246
2020-03-25,3360,3314,3367,3295
2020-03-26,3310,3294,3318,3265
2020-03-27,3292,3306,3315,3276
2020-03-30,3140,3079,3146,3055
2020-03-31,3094,3071,3116,3067
2020-04-01,3079,2999,3083,2973
2020-04-02,2985,3078,3087,2933
2020-04-03,3083,3035,3093,3003
2020-04-07,3060,3063,3081,3035
2020-04-08,3050,3103,3128,3038
2020-04-09,3118,3149,3158,3108
2020-04-10,3149,3209,3210,3135
2020-04-13,3208,3220,3253,3184
2020-04-14,3210,3200,3249,3191
2020-04-15,3200,3196,3233,3182
2020-04-16,3205,3234,3240,3176
2020-04-17,3249,3235,3277,3215
2020-04-20,3235,3218,3249,3211
2020-04-21,3218,3185,3218,3159
2020-04-22,3185,3211,3212,3149
2020-04-23,3216,3173,3225,3162
2020-04-24,3161,3187,3198,3161
2020-04-27,3199,3171,3199,3162
2020-04-28,3168,3149,3183,3125
2020-04-29,3145,3159,3170,3145
2020-04-30,3173,3211,3225,3170
2020-05-06,3230,3248,3264,3223
2020-05-07,3248,3305,3306,3241
2020-05-08,3306,3327,3352,3303
2020-05-11,3327,3329,3340,3309
2020-05-12,3317,3333,3335,3315
2020-05-13,3329,3337,3361,3305
2020-05-14,3340,3344,3364,3321
2020-05-15,3363,3365,3382,3332
2020-05-18,3365,3440,3555,3358
2020-05-19,3437,3469,3492,3430
2020-05-20,3460,3446,3467,3431
2020-05-21,3446,3469,3477,3441
2020-05-22,3466,3415,3498,3411
2020-05-25,3416,3405,3441,3393
2020-05-26,3415,3407,3430,3395
2020-05-27,3409,3419,3436,3384
2020-05-28,3420,3447,3452,3414
2020-05-29,3470,3542,3545,3447
2020-06-01,3535,3549,3577,3525
2020-06-02,3550,3575,3597,3538
2020-06-03,3568,3525,3582,3510
2020-06-04,3520,3487,3568,3486
2020-06-05,3490,3515,3527,3478
2020-06-08,3525,3542,3573,3501
2020-06-09,3530,3545,3563,3502
2020-06-10,3545,3516,3560,3510
2020-06-11,3516,3538,3570,3507
2020-06-12,3538,3583,3585,3504
2020-06-15,3595,3533,3600,3525
2020-06-16,3533,3565,3569,3533
2020-06-17,3565,3552,3595,3534
2020-06-18,3557,3620,3621,3550
2020-06-19,3625,3659,3672,3620
2020-06-22,3663,3631,3667,3613
2020-06-23,3630,3603,3634,3603
2020-06-24,3603,3604,3619,3590
2020-06-29,3602,3560,3602,3555
2020-06-30,3570,3578,3606,3562
2020-07-01,3580,3567,3592,3545
2020-07-02,3570,3563,3576,3551
2020-07-03,3563,3606,3614,3562
2020-07-06,3605,3605,3624,3586
2020-07-07,3617,3629,3642,3604
2020-07-08,3631,3696,3698,3627
2020-07-09,3700,3718,3738,3696
2020-07-10,3719,3697,3728,3684
2020-07-13,3700,3743,3776,3699
2020-07-14,3740,3756,3769,3717
2020-07-15,3761,3773,3788,3742
2020-07-16,3770,3735,3775,3727
2020-07-17,3745,3752,3763,3722
2020-07-20,3742,3737,3782,3726
2020-07-21,3744,3787,3792,3733
2020-07-22,3787,3802,3831,3787
2020-07-23,3802,3840,3844,3787
2020-07-24,3824,3767,3839,3744
2020-07-27,3780,3747,3798,3740
2020-07-28,3755,3749,3791,3742
2020-07-29,3745,3788,3808,3731
2020-07-30,3790,3819,3840,3784
2020-07-31,3819,3848,3855,3766
2020-08-03,3847,3911,3924,3829
2020-08-04,3925,3920,3928,3900
2020-08-05,3915,3911,3939,3895
2020-08-06,3915,3910,3949,3900
2020-08-07,3907,3904,3929,3878
2020-08-10,3917,3894,3920,3870
2020-08-11,3902,3872,3938,3863
2020-08-12,3872,3900,3906,3867
2020-08-13,3902,3916,3952,3892
2020-08-14,3918,3926,3940,3908
2020-08-17,3911,3950,3963,3911
2020-08-18,3949,3984,3987,3949
2020-08-19,3982,3966,3990,3961
2020-08-20,3966,3967,3985,3944
2020-08-21,3940,3960,3980,3940
2020-08-24,3960,3937,3970,3929
2020-08-25,3950,3938,3981,3925
2020-08-26,3940,3928,3947,3906
2020-08-27,3943,3946,3970,3930
2020-08-28,3940,3965,3966,3928
2020-08-31,3953,4011,4024,3945
2020-09-01,4011,4037,4049,4011
2020-09-02,4030,4033,4064,4030
2020-09-03,3934,3942,3960,3934
2020-09-04,3949,3910,3953,3873
2020-09-07,3950,3864,3950,3847
2020-09-08,3864,3842,3900,3839
2020-09-09,3831,3752,3838,3745
2020-09-10,3764,3732,3783,3720
2020-09-11,3732,3779,3785,3729
2020-09-14,3790,3786,3809,3768
2020-09-15,3786,3730,3806,3726
2020-09-16,3730,3689,3743,3674
2020-09-17,3681,3687,3708,3671
2020-09-18,3695,3723,3736,3682
2020-09-21,3720,3661,3723,3651
2020-09-22,3659,3652,3670,3616
2020-09-23,3659,3666,3678,3628
2020-09-24,3670,3674,3691,3649
2020-09-25,3675,3660,3688,3651
2020-09-28,3671,3669,3689,3645
2020-09-29,3658,3674,3677,3636
2020-09-30,3674,3692,3707,3662
2020-10-09,3727,3772,3779,3713
2020-10-12,3773,3795,3804,3773
2020-10-13,3805,3784,3805,3769
2020-10-14,3784,3757,3794,3752
2020-10-15,3748,3725,3758,3700
2020-10-16,3722,3740,3743,3704
2020-10-19,3740,3740,3762,3716
2020-10-20,3747,3745,3757,3732
2020-10-21,3748,3788,3793,3741
2020-10-22,3792,3810,3829,3788
2020-10-23,3812,3785,3840,3782
2020-10-26,3789,3795,3809,3771
2020-10-27,3794,3812,3818,3786
2020-10-28,3820,3854,3855,3806
2020-10-29,3848,3842,3859,3818
2020-10-30,3842,3864,3878,3823
2020-11-02,3865,3875,3883,3851
2020-11-03,3875,3862,3889,3854
2020-11-04,3858,3887,3899,3858
2020-11-05,3891,3903,3934,3886
2020-11-06,3905,3920,3934,3901
2020-11-09,3924,3983,3996,3922
2020-11-10,3995,3933,4010,3924
2020-11-11,3943,3948,3973,3939
2020-11-12,3948,3924,3966,3922
2020-11-13,3928,3970,3973,3924
2020-11-16,3960,3998,4000,3946
2020-11-17,3998,4053,4057,3996
2020-11-18,4049,4047,4063,4034
2020-11-19,4048,4078,4092,4048
2020-11-20,4073,4084,4090,4056
2020-11-23,4080,4011,4119,4010
2020-11-24,4011,4042,4048,4005
2020-11-25,4044,4032,4055,4015
2020-11-26,4046,4082,4094,4028
2020-11-27,4082,4151,4157,4082
2020-11-30,4150,4175,4190,4139
2020-12-01,4174,4178,4195,4149
2020-12-02,4191,4267,4274,4180
2020-12-03,4267,4229,4269,4208
2020-12-04,4227,4284,4288,4193
2020-12-07,4285,4335,4388,4258
2020-12-08,4330,4313,4365,4313
2020-12-09,4190,4275,4288,4162
2020-12-10,4279,4348,4386,4279
2020-12-11,4355,4325,4525,4275
2020-12-14,4343,4317,4394,4302
2020-12-15,4310,4374,4387,4260
2020-12-16,4388,4418,4425,4365
2020-12-17,4437,4446,4455,4402
2020-12-18,4446,4609,4610,4444
2020-12-21,4609,4742,4742,4580
2020-12-22,4805,4698,4939,4653
2020-12-23,4716,4609,4729,4548
2020-12-24,4601,4584,4673,4580
2020-12-25,4570,4589,4593,4473
2020-12-28,4589,4418,4630,4411
2020-12-29,4405,4401,4482,4389
2020-12-30,4410,4436,4476,4341
2020-12-31,4435,4554,4569,4435
2021-01-04,4505,4492,4534,4423
2021-01-05,4496,4494,4534,4465
2021-01-06,4500,4518,4588,4460
2021-01-07,4523,4657,4685,4521
2021-01-08,4645,4646,4699,4609
2021-01-11,4651,4458,4658,4443
2021-01-12,4460,4462,4470,4396
2021-01-13,4460,4438,4468,4402
2021-01-14,4450,4429,4457,4408
2021-01-15,4435,4489,4528,4435
2021-01-18,4489,4503,4543,4460
2021-01-19,4503,4384,4503,4371
2021-01-20,4385,4413,4434,4364
2021-01-21,4410,4430,4463,4344
2021-01-22,4420,4362,4453,4350
2021-01-25,4351,4426,4444,4292
2021-01-26,4421,4428,4477,4414
2021-01-27,4440,4521,4534,4424
2021-01-28,4519,4423,4550,4421
2021-01-29,4421,4390,4454,4360
2021-02-01,4402,4342,4441,4340
2021-02-02,4342,4307,4375,4286
2021-02-03,4313,4335,4363,4295
2021-02-04,4349,4387,4403,4336
2021-02-05,4397,4450,4461,4373
2021-02-08,4444,4546,4561,4432
2021-02-09,4540,4616,4622,4530
2021-02-10,4615,4608,4616,4564
2021-02-18,4685,4708,4748,4671
2021-02-19,4708,4690,4755,4643
2021-02-22,4692,4822,4905,4665
2021-02-23,4813,4799,4876,4771
2021-02-24,4795,4816,4838,4750
2021-02-25,4818,4908,4954,4799
2021-02-26,4892,4887,4927,4836
2021-03-01,4871,4841,4920,4805
2021-03-02,4841,4907,4915,4816
2021-03-03,4951,5026,5088,4951
2021-03-04,5031,5016,5054,4993
2021-03-05,4990,4878,4990,4784
2021-03-08,4903,4964,5038,4882
2021-03-09,4964,4820,5020,4808
2021-03-10,4870,4818,4872,4771
2021-03-11,4835,4925,4948,4760
2021-03-12,4951,4995,5085,4950
2021-03-15,4995,5068,5075,4938
2021-03-16,5058,4931,5060,4875
2021-03-17,4922,4984,5000,4902
2021-03-18,4981,5005,5027,4961
2021-03-19,5005,5026,5080,4986
2021-03-22,5026,5097,5215,5016
2021-03-23,5097,5128,5150,5047
2021-03-24,5113,5161,5169,5086
2021-03-25,5161,5130,5209,5108
2021-03-26,5107,5195,5200,5091
2021-03-29,5195,5327,5374,5195
2021-03-30,5330,5372,5408,5305
2021-03-31,5383,5383,5436,5337
2021-04-01,5383,5467,5483,5354
2021-04-02,5480,5556,5559,5440
2021-04-06,5589,5566,5589,5532
2021-04-07,5576,5527,5674,5491
2021-04-08,5507,5490,5553,5435
2021-04-09,5501,5460,5524,5439
2021-04-12,5355,5265,5400,5211
2021-04-13,5268,5403,5413,5268
2021-04-14,5418,5418,5455,5385
2021-04-15,5434,5393,5453,5365
2021-04-16,5390,5413,5464,5352
2021-04-19,5415,5370,5455,5370
2021-04-20,5370,5429,5430,5360
2021-04-21,5435,5484,5488,5380
2021-04-22,5495,5552,5579,5475
2021-04-23,5559,5590,5597,5535
2021-04-26,5590,5737,5795,5578
2021-04-27,5757,5752,5772,5728
2021-04-28,5751,5691,5758,5635
2021-04-29,5650,5787,5801,5643
2021-04-30,5789,5688,5799,5662
2021-05-06,5802,5935,5957,5795
2021-05-07,5950,5999,6024,5938
2021-05-10,6031,6335,6335,5991
2021-05-11,6460,6540,6591,6315
2021-05-12,6550,6683,6727,6473
2021-05-13,6600,6438,6696,6296
2021-05-14,6420,6135,6426,6135
2021-05-17,6150,5949,6185,5855
2021-05-18,5943,5980,6064,5910
2021-05-19,5965,5678,6013,5641
2021-05-20,5582,5555,5655,5349
2021-05-21,5555,5493,5635,5444
2021-05-24,5526,5316,5526,5139
2021-05-25,5300,5281,5368,5233
2021-05-26,5260,5017,5270,5011
2021-05-27,4988,5186,5214,4951
2021-05-28,5209,5328,5385,5200
2021-05-31,5328,5354,5535,5271
2021-06-01,5231,5437,5450,5106
2021-06-02,5415,5305,5469,5300
2021-06-03,5300,5490,5522,5285
2021-06-04,5500,5434,5584,5386
2021-06-07,5470,5252,5508,5250
2021-06-08,5250,5288,5307,5197
2021-06-09,5292,5366,5400,5261
2021-06-10,5360,5448,5516,5358
2021-06-11,5455,5610,5610,5455
2021-06-15,5515,5436,5534,5195
2021-06-16,5420,5280,5461,5258
2021-06-17,5253,5371,5388,5224
2021-06-18,5350,5347,5470,5330
2021-06-21,5375,5170,5389,5166
2021-06-22,5115,5153,5176,5070
2021-06-23,5145,5153,5219,5088
2021-06-24,5153,5160,5250,5122
2021-06-25,5183,5288,5330,5176
2021-06-28,5286,5325,5364,5234
2021-06-29,5335,5315,5440,5297
2021-06-30,5330,5428,5449,5325
2021-07-01,5430,5428,5494,5404
2021-07-02,5429,5418,5469,5361
2021-07-05,5410,5494,5508,5345
2021-07-06,5494,5604,5605,5494
2021-07-07,5608,5768,5773,5580
2021-07-08,5808,5750,5820,5727
2021-07-09,5748,5795,5832,5655
2021-07-12,5855,5828,5948,5812
2021-07-13,5810,5867,5887,5801
2021-07-14,5860,5999,5999,5851
2021-07-15,5956,5962,6015,5911
2021-07-16,5962,5952,6004,5827
2021-07-19,5950,5926,6060,5918
2021-07-20,5900,5968,5991,5822
2021-07-21,5968,5918,6024,5901
2021-07-22,5910,5947,5967,5802
2021-07-23,5950,5968,5999,5940
2021-07-26,5976,5990,6068,5900
2021-07-27,6000,5896,6046,5868
2021-07-28,5895,5879,5980,5860
2021-07-29,5898,6104,6113,5870
2021-07-30,6106,6169,6185,6054
2021-08-02,6080,5780,6088,5735
2021-08-03,5800,5608,5814,5603
2021-08-04,5608,5853,5860,5560
2021-08-05,5810,5733,5900,5730
2021-08-06,5736,5772,5845,5691
2021-08-09,5772,5746,5795,5651
2021-08-10,5777,5856,5863,5738
2021-08-11,5813,5901,5947,5810
2021-08-12,5870,5777,5908,5776
2021-08-13,5777,5765,5790,5710
2021-08-16,5775,5703,5820,5675
2021-08-17,5731,5726,5765,5683
2021-08-18,5685,5482,5685,5453
2021-08-19,5442,5389,5483,5301
2021-08-20,5350,5458,5488,5272
2021-08-23,5418,5464,5535,5408
2021-08-24,5500,5604,5610,5474
2021-08-25,5605,5569,5630,5555
2021-08-26,5580,5402,5598,5400
2021-08-27,5390,5495,5543,5340
2021-08-30,5495,5637,5654,5471
2021-08-31,5644,5564,5672,5555
2021-09-01,5564,5492,5588,5457
2021-09-02,5510,5571,5618,5480
2021-09-03,5582,5784,5820,5542
2021-09-06,5800,5822,5848,5732
2021-09-07,5822,5821,5889,5773
2021-09-08,5800,5776,5811,5674
2021-09-09,5790,5893,5940,5739
2021-09-10,5915,5858,5968,5834
2021-09-13,5868,5805,5954,5773
2021-09-14,5810,5689,5838,5686
2021-09-15,5685,5694,5761,5634
2021-09-16,5702,5743,5842,5702
2021-09-17,5746,5677,5786,5640
2021-09-22,5650,5761,5766,5591
2021-09-23,5761,5612,5795,5585
2021-09-24,5605,5511,5640,5502
2021-09-27,5500,5592,5670,5421
2021-09-28,5592,5671,5678,5575
2021-09-29,5680,5697,5750,5612
2021-09-30,5697,5713,5750,5661
2021-10-08,5800,5813,5893,5740
2021-10-11,5820,5833,5895,5770
2021-10-12,5830,5624,5832,5620
2021-10-13,5620,5619,5798,5482
2021-10-14,5620,5666,5729,5560
2021-10-15,5670,5740,5770,5624
2021-10-18,5740,5678,5760,5580
2021-10-19,5660,5736,5775,5611
2021-10-20,5720,5550,5738,5550
2021-10-21,5540,5268,5657,5200
2021-10-22,5268,5308,5368,5151
2021-10-25,5308,5180,5393,5171
2021-10-26,5175,5236,5280,5135
2021-10-27,5258,5032,5320,5015
2021-10-28,5019,5063,5239,4786
2021-10-29,5063,5003,5145,4920
2021-11-01,4960,4826,5036,4804
2021-11-02,4826,4601,4887,4531
2021-11-03,4621,4782,4820,4621
2021-11-04,4788,4614,4800,4534
2021-11-05,4651,4569,4653,4470
2021-11-08,4590,4564,4699,4463
2021-11-09,4558,4502,4618,4472
2021-11-10,4465,4463,4479,4233
2021-11-11,4480,4696,4696,4421
2021-11-12,4696,4547,4718,4532
2021-11-15,4465,4433,4539,4400
2021-11-16,4419,4371,4527,4369
2021-11-17,4389,4450,4473,4360
2021-11-18,4463,4333,4488,4316
2021-11-19,4326,4463,4506,4254
2021-11-22,4382,4405,4570,4365
2021-11-23,4405,4423,4549,4370
2021-11-24,4421,4599,4616,4421
2021-11-25,4600,4605,4660,4550
2021-11-26,4595,4542,4625,4529
2021-11-29,4498,4533,4601,4488
2021-11-30,4534,4588,4606,4520
2021-12-01,4588,4720,4745,4578
2021-12-02,4715,4703,4765,4649
2021-12-03,4506,4596,4605,4496
2021-12-06,4650,4546,4650,4521
2021-12-07,4553,4634,4678,4553
2021-12-08,4634,4528,4659,4525
2021-12-09,4520,4443,4565,4410
2021-12-10,4430,4443,4486,4387
2021-12-13,4445,4535,4540,4407
2021-12-14,4530,4550,4585,4497
2021-12-15,4558,4609,4650,4544
2021-12-16,4609,4719,4727,4601
2021-12-17,4715,4680,4746,4659
2021-12-20,4689,4626,4786,4611
2021-12-21,4616,4599,4675,4572
2021-12-22,4590,4558,4636,4530
2021-12-23,4558,4584,4593,4510
2021-12-24,4584,4616,4663,4580
2021-12-27,4610,4413,4623,4392
2021-12-28,4427,4442,4477,4403
2021-12-29,4440,4456,4483,4402
2021-12-30,4460,4411,4515,4389
2021-12-31,4425,4411,4450,4381
2022-01-04,4400,4499,4500,4400
2022-01-05,4502,4568,4576,4483
2022-01-06,4568,4638,4647,4555
2022-01-07,4650,4677,4684,4608
2022-01-10,4670,4632,4683,4610
2022-01-11,4640,4719,4729,4623
2022-01-12,4715,4751,4755,4696
2022-01-13,4756,4739,4827,4730
2022-01-14,4739,4772,4799,4709
2022-01-17,4770,4665,4790,4630
2022-01-18,4665,4709,4728,4647
2022-01-19,4740,4815,4860,4740
2022-01-20,4815,4815,4844,4781
2022-01-21,4830,4822,4858,4785
2022-01-24,4790,4773,4885,4763
2022-01-25,4780,4844,4846,4744
2022-01-26,4844,4805,4860,4751
2022-01-27,4805,4795,4875,4764
2022-01-28,4809,4945,4945,4797
2022-02-07,4997,4980,4999,4920
2022-02-08,4980,5061,5099,4972
2022-02-09,5061,4980,5090,4958
2022-02-10,4980,5069,5089,4963
2022-02-11,5118,5033,5166,5030
2022-02-14,5020,4928,5026,4910
2022-02-15,4929,4843,4937,4790
2022-02-16,4855,4939,4948,4845
2022-02-17,4916,4823,4950,4816
2022-02-18,4815,4907,4925,4788
2022-02-21,4908,4959,4960,4875
2022-02-22,4940,4850,4997,4846
2022-02-23,4855,4917,4943,4850
2022-02-24,4917,4804,4935,4784
2022-02-25,4810,4796,4841,4721
2022-02-28,4800,4952,4952,4782
2022-03-01,4952,5079,5090,4949
2022-03-02,5093,5138,5158,5069
2022-03-03,5148,5249,5268,5131
2022-03-04,5255,5210,5330,5142
2022-03-07,5210,5380,5405,5196
2022-03-08,5380,5220,5382,5084
2022-03-09,5160,5121,5218,5105
2022-03-10,5080,5107,5153,5022
2022-03-11,5122,5137,5184,5075
2022-03-14,5100,4950,5144,4945
2022-03-15,4950,4932,5019,4896
2022-03-16,4930,5080,5080,4904
2022-03-17,5090,5054,5110,5030
2022-03-18,5055,5129,5138,5051
2022-03-21,5110,5132,5197,5089
2022-03-22,5132,5163,5197,5120
2022-03-23,5173,5189,5190,5102
2022-03-24,5188,5173,5232,5153
2022-03-25,5178,5282,5298,5174
2022-03-28,5280,5304,5335,5253
2022-03-29,5300,5255,5321,5252
2022-03-30,5200,5264,5277,5173
2022-03-31,5230,5218,5290,5165
2022-04-01,5219,5319,5327,5202
2022-04-06,5346,5268,5346,5230
2022-04-07,5275,5228,5294,5183
2022-04-08,5205,5195,5267,5132
2022-04-11,5195,5038,5217,5021
2022-04-12,5027,5180,5180,5026
2022-04-13,5150,5086,5178,5081
2022-04-14,5109,5160,5193,5104
2022-04-15,5160,5198,5225,5150
2022-04-18,5180,5186,5208,5111
2022-04-19,5200,5164,5248,5143
2022-04-20,5160,5223,5263,5158
2022-04-21,5235,5152,5240,5130
2022-04-22,5162,5074,5178,5068
2022-04-25,5070,4889,5091,4873
2022-04-26,4891,4907,4952,4853
2022-04-27,4920,4948,4985,4909
2022-04-28,4945,4950,4958,4878
2022-04-29,4955,4996,5012,4910
2022-05-05,5012,5015,5048,4966
2022-05-06,5014,4830,5025,4823
2022-05-09,4829,4748,4846,4725
2022-05-10,4720,4698,4741,4630
2022-05-11,4700,4775,4812,4700
2022-05-12,4750,4730,4827,4692
2022-05-13,4700,4767,4786,4670
2022-05-16,4765,4774,4800,4702
2022-05-17,4770,4770,4805,4746
2022-05-18,4771,4676,4780,4675
2022-05-19,4670,4715,4724,4614
2022-05-20,4710,4770,4780,4694
2022-05-23,4777,4731,4842,4687
2022-05-24,4735,4609,4750,4601
2022-05-25,4620,4673,4682,4595
2022-05-26,4660,4632,4660,4580
2022-05-27,4650,4698,4714,4630
2022-05-30,4698,4733,4759,4695
2022-05-31,4734,4789,4796,4715
2022-06-01,4789,4816,4830,4759
2022-06-02,4816,4879,4887,4793
2022-06-06,4817,4845,4888,4817
2022-06-07,4855,4810,4869,4804
2022-06-08,4794,4868,4880,4783
2022-06-09,4868,4873,4899,4828
2022-06-10,4830,4880,4913,4824
2022-06-13,4854,4780,4877,4750
2022-06-14,4781,4697,4809,4683
2022-06-15,4700,4653,4719,4646
2022-06-16,4657,4609,4708,4603
2022-06-17,4600,4453,4604,4451
2022-06-20,4451,4220,4452,4158
2022-06-21,4200,4291,4328,4181
2022-06-22,4300,4195,4336,4166
2022-06-23,4210,4285,4310,4190
2022-06-24,4320,4251,4325,4250
2022-06-27,4260,4339,4370,4224
2022-06-28,4339,4399,4401,4312
2022-06-29,4401,4382,4444,4373
2022-06-30,4389,4412,4435,4363
2022-07-01,4400,4311,4403,4303
2022-07-04,4305,4186,4339,4172
2022-07-05,4166,4262,4279,4130
2022-07-06,4220,4238,4243,4150
2022-07-07,4238,4202,4258,4190
2022-07-08,4225,4206,4280,4166
2022-07-11,4207,4049,4251,3986
2022-07-12,4070,3916,4073,3910
2022-07-13,3900,3917,3947,3860
2022-07-14,3880,3792,3917,3790
2022-07-15,3750,3576,3753,3565
2022-07-18,3582,3785,3792,3582
2022-07-19,3782,3755,3863,3729
2022-07-20,3735,3821,3855,3704
2022-07-21,3821,3810,3833,3760
2022-07-22,3770,3821,3837,3752
2022-07-25,3809,3857,3885,3809
2022-07-26,3857,3874,3895,3806
2022-07-27,3866,3874,3899,3804
2022-07-28,3874,4019,4040,3846
2022-07-29,4010,3969,4030,3952
2022-08-01,3990,4042,4097,3979
2022-08-02,4030,4053,4062,3972
2022-08-03,4053,4020,4098,3987
2022-08-04,4050,3957,4050,3950
2022-08-05,3957,4005,4049,3933
2022-08-08,4000,4099,4120,3985
2022-08-09,4070,4049,4116,4035
2022-08-10,4049,4028,4066,4005
2022-08-11,4039,4056,4089,3995
2022-08-12,4057,4087,4106,4050
2022-08-15,4067,4039,4143,4014
2022-08-16,4016,4050,4082,3995
2022-08-17,4060,3905,4070,3903
2022-08-18,3928,3916,3958,3866
2022-08-19,3920,3827,3935,3818
2022-08-22,3852,3903,3919,3821
2022-08-23,3903,3951,3970,3881
2022-08-24,3952,4008,4009,3950
2022-08-25,4008,4000,4053,3995
2022-08-26,3980,4061,4079,3980
2022-08-29,4110,3961,4120,3934
2022-08-30,3950,3885,3960,3883
2022-08-31,3886,3928,3936,3886
2022-09-01,3781,3727,3823,3712
2022-09-02,3741,3700,3741,3634
2022-09-05,3702,3742,3760,3677
2022-09-06,3740,3769,3784,3722
2022-09-07,3782,3761,3808,3736
2022-09-08,3766,3802,3822,3762
2022-09-09,3820,3838,3845,3782
2022-09-13,3845,3864,3880,3831
2022-09-14,3850,3800,3850,3759
2022-09-15,3818,3778,3854,3751
2022-09-16,3768,3758,3805,3731
2022-09-19,3758,3750,3812,3745
2022-09-20,3746,3704,3768,3701
2022-09-21,3740,3708,3740,3671
2022-09-22,3708,3809,3809,3702
2022-09-23,3808,3819,3836,3800
2022-09-26,3800,3815,3833,3751
2022-09-27,3810,3884,3893,3810
2022-09-28,3884,3870,3915,3862
2022-09-29,3880,3878,3898,3853
2022-09-30,3884,3841,3888,3822
2022-10-10,3868,3886,3906,3866
2022-10-11,3886,3782,3904,3770
2022-10-12,3790,3770,3794,3726
2022-10-13,3770,3722,3803,3716
2022-10-14,3710,3762,3778,3692
2022-10-17,3760,3688,3769,3666
2022-10-18,3707,3690,3717,3652
2022-10-19,3692,3665,3708,3648
2022-10-20,3665,3612,3669,3605
2022-10-21,3629,3651,3679,3602
2022-10-24,3650,3656,3695,3630
2022-10-25,3655,3623,3655,3609
2022-10-26,3623,3627,3669,3603
2022-10-27,3626,3614,3673,3613
2022-10-28,3605,3530,3613,3514
2022-10-31,3530,3457,3545,3450
2022-11-01,3475,3553,3566,3454
2022-11-02,3553,3566,3588,3531
2022-11-03,3554,3576,3599,3543
2022-11-04,3570,3640,3660,3562
2022-11-07,3651,3618,3686,3600
2022-11-08,3618,3645,3648,3600
2022-11-09,3645,3686,3694,3641
2022-11-10,3675,3627,3675,3615
2022-11-11,3635,3720,3743,3616
2022-11-14,3719,3751,3772,3712
2022-11-15,3744,3780,3780,3744
2022-11-16,3769,3810,3826,3769
2022-11-17,3821,3801,3821,3750
2022-11-18,3795,3807,3815,3772
2022-11-21,3805,3756,3814,3726
2022-11-22,3756,3755,3806,3746
2022-11-23,3755,3774,3791,3740
2022-11-24,3772,3785,3844,3770
2022-11-25,3785,3835,3836,3757
2022-11-28,3860,3845,3860,3802
2022-11-29,3839,3880,3890,3839
2022-11-30,3870,3862,3882,3843
2022-12-01,3897,3873,3913,3862
2022-12-02,3851,3918,3930,3843
2022-12-05,3910,3940,4003,3900
2022-12-06,3941,3920,3941,3893
2022-12-07,3904,3902,3960,3890
2022-12-08,3907,3945,3957,3904
2022-12-09,3950,4031,4048,3950
2022-12-12,4040,4036,4086,4026
2022-12-13,4036,4032,4067,3993
2022-12-14,4032,4069,4073,4020
2022-12-15,4069,4149,4155,4066
2022-12-16,4149,4105,4213,4036
2022-12-19,4106,3981,4106,3975
2022-12-20,3980,3996,4016,3958
2022-12-21,3981,4068,4073,3978
2022-12-22,4074,4025,4085,4015
2022-12-23,4016,4045,4059,3988
2022-12-26,4045,4048,4058,3977
2022-12-27,4042,4092,4108,4036
2022-12-28,4098,4077,4103,4045
2022-12-29,4090,4090,4100,4040
2022-12-30,4090,4143,4167,4090
2023-01-03,4118,4099,4126,4050
2023-01-04,4108,4080,4113,4062
2023-01-05,4080,4073,4083,4027
2023-01-06,4100,4166,4179,4090
2023-01-09,4165,4146,4200,4135
2023-01-10,4152,4166,4178,4135
2023-01-11,4152,4193,4198,4141
2023-01-12,4176,4182,4191,4133
2023-01-13,4182,4202,4220,4155
2023-01-16,4180,4180,4180,4141
